EarTagNumberOriginal,EarTagNumberCurrent,IDCase,StrainNameCurrent,DietCode,Sex,DateOfBirth,DateOfDeath,CauseOfDeath,AgeAtDeath,WeightBody,WeightSubcutaneousWat,WeightPerirenalWat,WeightPerigonadalWat,Subq Adiposity,Visceral Fat Mass,Visceral Adiposity,Total Fat Mass,Total Adiposity
1411,1411,092216.13,BXD65b,CD,F,12/10/2013,09/22/2016,Harvest,1017,16.39,,,0.032,0.000,0.032,0.195,0.032,0.195
1903,1903,092216.15,BXD70,CD,F,05/20/2014,09/22/2016,Harvest,856,18.11,0.0463,0.0475,0.0854,0.256,0.1329,0.734,0.179,0.990
1850,1850,083016.04,BXD69,CD,F,07/09/2014,09/01/2016,Harvest,785,22.27,0.3843,0.157,0.4502,1.726,0.6072,2.727,0.992,4.452
2555,2555,020518.09,BXD28,CD,F,12/24/2015,02/05/2018,Harvest,774,20.5,0.1058,0.0154,0.0563,0.516,0.0717,0.350,0.178,0.866
1818,1818,083016.07,DBA/2J,CD,F,07/30/2014,09/01/2016,Harvest,764,24.57,0.2008,0.1026,0.2527,0.817,0.3553,1.446,0.556,2.263
2541,2541,020518.05,BXD90,CD,F,01/04/2016,02/05/2018,Harvest,763,19.6,0.2433,0.026,0.0823,1.241,0.1083,0.553,0.352,1.794
236,236,101513.14,BXD60,CD,F,09/17/2011,10/15/2013,Harvest,759,26.37,0.292,0.053,0.524,1.107,0.577,2.188,0.869,3.295
1860,1860,083016.05,BXD73,CD,F,08/04/2014,09/01/2016,Harvest,759,17.14,0.1224,0.069,0.2051,0.714,0.2741,1.599,0.397,2.313
2069,2069,102616.09,BXD70,CD,F,09/29/2014,10/26/2016,Harvest,758,25.27,0.6039,0.194,0.3204,2.390,0.5144,2.036,1.118,4.425
30,30,021213.19,BXD77,CD,F,01/17/2011,02/12/2013,Harvest,757,24.4,0.0401,0.0869,0.1404,0.164,0.2273,0.932,0.267,1.096
31,31,021213.20,BXD77,CD,F,01/17/2011,02/12/2013,Harvest,757,16.06,0.0362,,,0.225,0,0.000,0.036,0.225
2114,2114,102616.20,BXD101,CD,F,10/01/2014,10/26/2016,Harvest,756,25.22,,0.0269,,0.000,0.0269,0.107,0.027,0.107
2092,2092,102616.06,BXD63,CD,F,10/05/2014,10/26/2016,Harvest,752,22.4,0.265,0.0347,0.065,1.183,0.0997,0.445,0.365,1.628
1872,1872,083016.03,BXD63,CD,F,08/10/2014,08/30/2016,Harvest,751,26.56,0.0975,0.0812,0.0401,0.367,0.1213,0.457,0.219,0.824
286,286,101513.07,BXD34,CD,F,09/28/2011,10/15/2013,Harvest,748,29.05,0.256,,0.352,0.881,0.352,1.212,0.608,2.093
288,288,101513.08,BXD34,CD,F,09/28/2011,10/15/2013,Harvest,748,25.97,0.121,,0.234,0.466,0.234,0.901,0.355,1.367
2107,2107,102616.07,BXD65b,CD,F,10/09/2014,10/26/2016,Harvest,748,17.62,0.0477,,0.0197,0.271,0.0197,0.112,0.067,0.383
2108,2108,102616.08,BXD65b,CD,F,10/09/2014,10/26/2016,Harvest,748,18.21,0.1996,0.0187,0.0682,1.096,0.0869,0.477,0.287,1.573
254,254,101613.18,BXD86,CD,F,10/01/2011,10/16/2013,Harvest,746,34.15,0.56,0.788,1.908,1.640,2.696,7.895,3.256,9.534
169,169,101513.13,BXD60,CD,F,10/02/2011,10/15/2013,Harvest,744,30.43,0.476,0.23,1.064,1.564,1.294,4.252,1.770,5.817
1162,1162,042214.19,D2B6F1,CD,F,04/08/2012,04/22/2014,Harvest,744,42.05,1.323,0.9325,3.3216,3.146,4.2541,10.117,5.577,13.263
1165,1165,042214.20,D2B6F1,CD,F,04/08/2012,04/22/2014,Harvest,744,43.9,1.435,1.2304,4.92,3.269,6.1504,14.010,7.585,17.279
258,258,101713.03,BXD100,CD,F,10/05/2011,10/17/2013,Harvest,743,24.6,0.082,0.02,0.054,0.333,0.074,0.301,0.156,0.634
259,480,101713.04,BXD100,CD,F,10/05/2011,10/17/2013,Harvest,743,25.26,0.267,0.085,0.29,1.057,0.375,1.485,0.642,2.542
2089,2089,102616.10,BXD73b,CD,F,10/14/2014,10/26/2016,Harvest,743,16.48,0.1793,0.0627,0.0292,1.088,0.0919,0.558,0.271,1.646
87,87,021113.07,BXD32,CD,F,01/31/2011,02/11/2013,Harvest,742,24.95,0.0577,0.1378,0.5799,0.231,0.7177,2.877,0.775,3.108
88,88,021113.08,BXD32,CD,F,01/31/2011,02/11/2013,Harvest,742,22.3,0.0491,0.061,0.0447,0.220,0.1057,0.474,0.155,0.694
95,95,021113.01,BXD11,CD,F,02/01/2011,02/11/2013,Harvest,741,23.2,0.1127,0.0242,0.1782,0.486,0.2024,0.872,0.315,1.358
96,96,021113.02,BXD11,CD,F,02/01/2011,02/11/2013,Harvest,741,25.25,0.0795,0.0513,0.1399,0.315,0.1912,0.757,0.271,1.072
136,136,101513.10,BXD48,CD,F,10/06/2011,10/15/2013,Harvest,740,26.27,0.165,0.045,0.156,0.628,0.201,0.765,0.366,1.393
689,689,062013.07,C57BL/6J,CD,F,06/12/2011,06/20/2013,Harvest,739,24.29,0.0855,0.0576,0.2637,0.352,0.3213,1.323,0.407,1.675
800,800,010614.01,BXD101,CD,F,12/30/2011,01/06/2014,Harvest,738,22.94,0.107,0.039,0.1719,0.466,0.2109,0.919,0.318,1.386
2316,2316,102616.01,BXD68,CD,F,10/22/2014,10/26/2016,Harvest,735,28.02,1.5097,0.2774,0.7048,5.388,0.9822,3.505,2.492,8.893
691,927,062013.08,C57BL/6J,CD,F,06/17/2011,06/20/2013,Harvest,734,28.68,0.1466,0.2568,0.5928,0.511,0.8496,2.962,0.996,3.474
1096,1096,012615.02,BXD90,CD,F,01/28/2013,01/30/2015,Harvest,732,23.02,0.109,0.049,0.178,0.474,0.227,0.986,0.336,1.460
132,132,101513.09,BXD48,CD,F,10/15/2011,10/15/2013,Harvest,731,29.72,0.217,0.156,0.454,0.730,0.61,2.052,0.827,2.783
252,252,101613.17,BXD86,CD,F,10/16/2011,10/16/2013,Harvest,731,21.33,0.193,0.123,0.209,0.905,0.332,1.556,0.525,2.461
675,675,010614.05,BXD39,CD,F,01/07/2012,01/06/2014,Harvest,730,20.2,0.0482,0.0224,0.67,0.239,0.6924,3.428,0.741,3.666
673,673,010614.06,BXD39,CD,F,01/07/2012,01/06/2014,Harvest,730,21.3,0.0533,0.0055,0.1213,0.250,0.1268,0.595,0.180,0.846
1228,1228,012615.05,B6D2F1,CD,F,02/03/2013,01/30/2015,Harvest,726,43.79,0.859,1.23,5.305,1.962,6.535,14.923,7.394,16.885
1209,1798,012615.03,BXD62,CD,F,02/05/2013,01/30/2015,Harvest,724,26.34,0.206,0.038,0.194,0.782,0.232,0.881,0.438,1.663
1044,1044,012615.08,BXD29,CD,F,02/05/2013,01/30/2015,Harvest,724,21.33,,,,0.000,0,0.000,,
1045,1045,012615.09,BXD29,CD,F,02/05/2013,01/30/2015,Harvest,724,24.23,0.141,0.051,0.149,0.582,0.2,0.825,0.341,1.407
2040,2040,092216.14,BXD40,CD,F,10/04/2014,09/22/2016,Harvest,719,31.45,0.0111,0.0113,0.0391,0.035,0.0504,0.160,0.062,0.196
851,851,010614.09,BXD53,CD,F,01/19/2012,01/06/2014,Harvest,718,26.07,0.0937,0.0301,0.3001,0.359,0.3302,1.267,0.424,1.626
854,854,010614.10,BXD53,CD,F,01/19/2012,01/06/2014,Harvest,718,32.54,0.4899,0.654,1.334,1.506,1.988,6.109,2.478,7.615
895,929,010614.19,BXD88,CD,F,01/21/2012,01/06/2014,Harvest,716,26.36,0.684,0.1317,0.2607,2.595,0.3924,1.489,1.076,4.083
897,897,010614.20,BXD88,CD,F,01/21/2012,01/06/2014,Harvest,716,32.45,0.015,,,0.046,0,0.000,0.015,0.046
1343,1343,101014.07,BXD67,CD,F,10/23/2012,10/09/2014,Harvest,716,23.48,0.158,0.111,0.282,0.673,0.393,1.674,0.551,2.347
1344,1344,101014.08,BXD67,CD,F,10/23/2012,10/09/2014,Harvest,716,27.03,0.131,0.067,0.364,0.485,0.431,1.595,0.562,2.079
448,448,101713.05,BXD102,CD,F,11/03/2011,10/17/2013,Harvest,714,28,0.411,0.27,0.968,1.468,1.238,4.421,1.649,5.889
450,450,101713.06,BXD102,CD,F,11/03/2011,10/17/2013,Harvest,714,24.95,0.32,0.309,0.865,1.283,1.174,4.705,1.494,5.988
807,807,101513.17,BXD65,CD,F,11/04/2011,10/15/2013,Harvest,711,26.42,0.14,0.147,0.724,0.530,0.871,3.297,1.011,3.827
808,808,101513.18,BXD65,CD,F,11/04/2011,10/15/2013,Harvest,711,32.48,0.385,0.173,2.613,1.185,2.786,8.578,3.171,9.763
1518,1518,121515.21,BXD51,CD,F,01/09/2014,12/15/2015,Harvest,705,26.04,0.074,0.221,0.463,0.284,0.684,2.627,0.758,2.911
1541,1541,121515.04,BXD24,CD,F,02/06/2014,12/15/2015,Harvest,677,32.34,0.252,0.244,3.416,0.779,3.66,11.317,3.912,12.096
1327,1327,042415.24,BXD40,CD,F,06/18/2013,04/24/2015,Harvest,675,30.97,0.2328,0.1754,0.9011,0.752,1.0765,3.476,1.309,4.228
1564,1564,050115.21,BXD95,CD,F,07/26/2013,05/01/2015,Harvest,644,24.92,0.0948,0.1294,0.2665,0.380,0.3959,1.589,0.491,1.969
2645,2645,020518.03,DBA/2J,CD,F,05/02/2016,02/05/2018,Harvest,644,15.6,,,,0.000,0,0.000,,
1227,1227,121214.29,B6D2F1,CD,F,03/15/2013,12/15/2014,Harvest,640,45.94,0.0574,0.2611,1.0902,0.125,1.3513,2.941,1.409,3.066
1035,1288,111314.09,BXD29,CD,F,02/21/2013,11/13/2014,Harvest,630,28.62,0.3343,0.3348,0.8223,1.168,1.1571,4.043,1.491,5.211
1240,1313,111314.18,BXD100,CD,F,02/23/2013,11/13/2014,Harvest,628,28.35,0.1679,,0.2147,0.592,0.2147,0.757,0.383,1.350
1241,1241,111314.19,BXD100,CD,F,02/23/2013,11/13/2014,Harvest,628,29.22,0.1443,,,0.494,0,0.000,0.144,0.494
1188,1188,111314.13,BXD48a,CD,F,03/19/2013,11/13/2014,Harvest,604,23.87,0.1066,,0.1549,0.447,0.1549,0.649,0.262,1.096
1189,1189,111314.14,BXD48a,CD,F,03/19/2013,11/13/2014,Harvest,604,27.02,0.1135,0.058,0.2323,0.420,0.2903,1.074,0.404,1.494
820,820,061913.11,BXD63,CD,F,11/15/2011,06/19/2013,Harvest,582,23.12,0.0597,0.0056,0.3424,0.258,0.348,1.505,0.408,1.763
821,821,061913.12,BXD63,CD,F,11/15/2011,06/19/2013,Harvest,582,27.92,0.1842,0.1099,0.875,0.660,0.9849,3.528,1.169,4.187
296,296,061913.19,BXD87,CD,F,11/16/2011,06/19/2013,Harvest,581,19.67,0.0697,0.0451,0.1221,0.354,0.1672,0.850,0.237,1.204
298,298,061913.20,BXD87,CD,F,11/16/2011,06/19/2013,Harvest,581,22.75,0.1834,0.1786,0.4149,0.806,0.5935,2.609,0.777,3.415
679,679,061913.05,BXD40,CD,F,11/19/2011,06/19/2013,Harvest,578,26.33,0.1371,0.268,0.7595,0.521,1.0275,3.902,1.165,4.423
680,680,061913.06,BXD40,CD,F,11/19/2011,06/19/2013,Harvest,578,29.13,0.4004,0.7405,0.5049,1.375,1.2454,4.275,1.646,5.650
1040,1040,111314.11,BXD29,CD,F,04/18/2013,11/13/2014,Harvest,574,29.58,0.4418,0.2803,0.9148,1.494,1.1951,4.040,1.637,5.534
1041,1041,111314.12,BXD29,CD,F,04/18/2013,11/13/2014,Harvest,574,29.02,0.6051,0.4482,1.1687,2.085,1.6169,5.572,2.222,7.657
742,742,061913.01,BXD29,CD,F,11/25/2011,06/19/2013,Harvest,572,22.37,0.0869,0.0327,0.156,0.388,0.1887,0.844,0.276,1.232
743,743,061913.02,BXD29,CD,F,11/25/2011,06/19/2013,Harvest,572,22.71,0.0624,0.0458,0.2708,0.275,0.3166,1.394,0.379,1.669
847,847,062013.15,BXD53,CD,F,11/27/2011,06/20/2013,Harvest,571,25.95,0.2004,0.3225,0.6263,0.772,0.9488,3.656,1.149,4.429
848,848,062013.16,BXD53,CD,F,11/27/2011,06/20/2013,Harvest,571,35.47,0.4974,0.6379,2.6445,1.402,3.2824,9.254,3.780,10.656
831,831,061913.15,BXD79,CD,F,11/27/2011,06/19/2013,Harvest,570,24.73,0.0683,0.0879,0.3132,0.276,0.4011,1.622,0.469,1.898
832,832,061913.16,BXD79,CD,F,11/27/2011,06/19/2013,Harvest,570,35.51,0.3214,0.5626,3.0231,0.905,3.5857,10.098,3.907,11.003
1190,1190,111314.15,BXD100,CD,F,04/25/2013,11/13/2014,Harvest,567,29.4,0.2342,0.0986,0.4913,0.797,0.5899,2.006,0.824,2.803
758,758,101613.01,BXD67,CD,F,03/31/2012,10/16/2013,Harvest,564,22.02,0.096,0.036,0.178,0.436,0.214,0.972,0.310,1.408
759,759,101613.02,BXD67,CD,F,03/31/2012,10/16/2013,Harvest,564,22.78,0.126,0.041,0.369,0.553,0.41,1.800,0.536,2.353
883,883,062013.17,BXD91,CD,F,12/06/2011,06/20/2013,Harvest,562,29.26,0.309,0.1013,1.1664,1.056,1.2677,4.333,1.577,5.389
884,884,062013.18,BXD91,CD,F,12/06/2011,06/20/2013,Harvest,562,25.7,0.1226,0.1609,0.6768,0.477,0.8377,3.260,0.960,3.737
591,591,061913.13,BXD69,CD,F,12/09/2011,06/19/2013,Harvest,558,33.33,0.6307,0.1778,2.5382,1.892,2.716,8.149,3.347,10.041
592,592,061913.14,BXD69,CD,F,12/09/2011,06/19/2013,Harvest,558,31.81,0.4447,0.1867,2.1698,1.398,2.3565,7.408,2.801,8.806
765,765,101513.05,BXD34,CD,F,04/09/2012,10/15/2013,Harvest,554,25.92,0.14,,0.279,0.540,0.279,1.076,0.419,1.617
766,766,101513.06,BXD34,CD,F,04/09/2012,10/15/2013,Harvest,554,25.34,0.24,0.096,0.397,0.947,0.493,1.946,0.733,2.893
299,299,090512.13,BXD83,CD,F,03/02/2011,09/05/2012,Harvest,553,22.7,0.0404,,,0.178,0,0.000,0.040,0.178
301,301,090512.14,BXD83,CD,F,03/02/2011,09/05/2012,Harvest,553,21.4,0.1,0.0543,0.006,0.467,0.0603,0.282,0.160,0.749
1535,1568,012615.06,B6D2F1,CD,F,07/27/2013,01/30/2015,Harvest,552,28.41,0.329,0.208,0.371,1.158,0.579,2.038,0.908,3.196
1536,1569,012615.07,B6D2F1,CD,F,07/27/2013,01/30/2015,Harvest,552,27,0.17,0.171,0.419,0.630,0.59,2.185,0.760,2.815
1322,1322,102414.02,BXD39,CD,F,04/22/2013,10/24/2014,Harvest,550,18.09,0.063,0.011,0.119,0.348,0.13,0.719,0.193,1.067
1199,1199,102414.19,BXD64,CD,F,04/22/2013,10/24/2014,Harvest,550,22.93,0.0872,0.0532,0.3906,0.380,0.4438,1.935,0.531,2.316
755,755,062013.01,BXD90,CD,F,12/19/2011,06/20/2013,Harvest,549,25.87,0.1471,0.1293,0.3695,0.569,0.4988,1.928,0.646,2.497
756,756,062013.02,BXD90,CD,F,12/19/2011,06/20/2013,Harvest,549,25.52,0.1727,0.1719,0.677,0.677,0.8489,3.326,1.022,4.003
1006,1006,082214.11,BXD9,CD,F,02/20/2013,08/22/2014,Harvest,548,29.66,0.03,0.038,0.074,0.101,0.112,0.378,0.142,0.479
1206,1206,082214.12,BXD62,CD,F,02/20/2013,08/22/2014,Harvest,548,24.6,0.116,0.326,0.413,0.472,0.739,3.004,0.855,3.476
645,645,062013.11,D2B6F1,CD,F,12/23/2011,06/20/2013,Harvest,545,35.75,0.826,0.7495,2.3999,2.310,3.1494,8.810,3.975,11.120
646,646,062013.12,D2B6F1,CD,F,12/23/2011,06/20/2013,Harvest,545,48.47,1.5786,1.148,5.0506,3.257,6.1986,12.789,7.777,16.045
1079,1079,082214.01,BXD68,CD,F,02/23/2013,08/22/2014,Harvest,545,25.08,0.1346,0.1096,0.3811,0.537,0.4907,1.957,0.625,2.493
1080,1080,082214.02,BXD34,CD,F,02/23/2013,08/22/2014,Harvest,545,25.5,0.2923,0.0734,0.6882,1.146,0.7616,2.987,1.054,4.133
614,614,021313.27,BXD86,CD,F,08/18/2011,02/12/2013,Harvest,544,37.9,0.6395,1.4822,2.7212,1.687,4.2034,11.091,4.843,12.778
615,615,021313.28,BXD86,CD,F,08/18/2011,02/12/2013,Harvest,544,36.91,0.698,1.959,2.4458,1.891,4.4048,11.934,5.103,13.825
1786,1786,121615.08,BXD65,CD,F,06/23/2014,12/16/2015,Harvest,541,31.66,0.342,0.614,2.383,1.080,2.997,9.466,3.339,10.546
1787,1787,121615.09,BXD65,CD,F,06/23/2014,12/16/2015,Harvest,541,27.49,0.066,0.284,1.019,0.240,1.303,4.740,1.369,4.980
1906,1906,121615.17,BXD73,CD,F,06/25/2014,12/16/2015,Harvest,539,20.47,0.023,0.05,0.128,0.112,0.178,0.870,0.201,0.982
1907,1907,121615.18,BXD73,CD,F,06/25/2014,12/16/2015,Harvest,539,21.26,0.073,0.086,0.221,0.343,0.307,1.444,0.380,1.787
1184,1184,050914.01,BXD100,CD,F,11/18/2012,05/09/2014,Harvest,537,36.5,0.697,0.9534,1.728,1.910,2.6814,7.346,3.378,9.256
1185,1296,050914.02,BXD100,CD,F,11/18/2012,05/09/2014,Harvest,537,31.39,0.4512,0.5262,1.0807,1.437,1.6069,5.119,2.058,6.557
1103,1103,091914.09,C57BL/6J,CD,F,03/31/2013,09/19/2014,Harvest,537,27.83,0.221,0.386,0.823,0.794,1.209,4.344,1.430,5.138
1104,1764,091914.10,C57BL/6J,CD,F,03/31/2013,09/19/2014,Harvest,537,35.34,0.613,0.997,1.786,1.735,2.783,7.875,3.396,9.610
1565,1565,101014.09,BXD95,CD,F,04/21/2013,10/09/2014,Harvest,536,20.76,0.107,0.196,0.288,0.515,0.484,2.331,0.591,2.847
1566,1742,101014.10,BXD95,CD,F,04/21/2013,10/09/2014,Harvest,536,24.79,0.176,0.276,0.574,0.710,0.85,3.429,1.026,4.139
1354,1354,111414.14,BXD99,CD,F,05/28/2013,11/14/2014,Harvest,535,22.8,0.0905,0.0531,0.0712,0.397,0.1243,0.545,0.215,0.942
1812,1812,121515.01,DBA/2J,CD,F,07/01/2014,12/15/2015,Harvest,532,23.02,0.063,0.113,0.642,0.274,0.755,3.280,0.818,3.553
1813,1813,121515.02,DBA/2J,CD,F,07/01/2014,12/15/2015,Harvest,532,39.91,,0.163,,0.000,0.163,0.408,0.163,0.408
2251,2251,121615.24,BXD98,CD,F,07/03/2014,12/16/2015,Harvest,531,23.26,0.018,0.078,0.109,0.077,0.187,0.804,0.205,0.881
2252,2252,121615.25,BXD98,CD,F,07/03/2014,12/16/2015,Harvest,531,23.46,0.032,0.098,0.12,0.136,0.218,0.929,0.250,1.066
170,170,021213.13,BXD60,CD,F,09/01/2011,02/12/2013,Harvest,530,43.42,1.1865,1.7742,2.3461,2.733,4.1203,9.489,5.307,12.222
171,171,021213.14,BXD60,CD,F,09/01/2011,02/12/2013,Harvest,530,24.14,0.0744,0.072,0.2192,0.308,0.2912,1.206,0.366,1.514
1793,1793,121615.12,BXD65,CD,F,07/07/2014,12/16/2015,Harvest,527,30.76,0.051,0.331,1.593,0.166,1.924,6.255,1.975,6.421
1794,1794,121615.13,BXD65b,CD,F,07/07/2014,12/16/2015,Harvest,527,42.63,0.442,0.615,5.072,1.037,5.687,13.340,6.129,14.377
1844,1844,121615.05,BXD62,CD,F,07/09/2014,12/16/2015,Harvest,525,24.38,0.034,0.062,0.371,0.139,0.433,1.776,0.467,1.916
1840,1840,121515.22,BXD61,CD,F,07/09/2014,12/15/2015,Harvest,524,38.28,0.528,0.22,2.793,1.379,3.013,7.871,3.541,9.250
1841,1841,121515.23,BXD61,CD,F,07/09/2014,12/15/2015,Harvest,524,36.58,0.432,0.496,3.008,1.181,3.504,9.579,3.936,10.760
1835,1835,121515.18,BXD48,CD,F,07/15/2014,12/15/2015,Harvest,518,31.8,0.168,0.227,0.497,0.528,0.724,2.277,0.892,2.805
1836,1913,121515.19,BXD48,CD,F,07/15/2014,12/15/2015,Harvest,518,28.88,0.056,0.106,0.221,0.194,0.327,1.132,0.383,1.326
1801,1801,121515.07,BXD32,CD,F,07/16/2014,12/15/2015,Harvest,517,32.17,0.405,0.489,1.391,1.259,1.88,5.844,2.285,7.103
1802,1802,121515.08,BXD32,CD,F,07/16/2014,12/15/2015,Harvest,517,33.51,0.343,0.479,1.802,1.024,2.281,6.807,2.624,7.830
1426,1426,042715.22,BXD101,CD,F,11/30/2013,04/27/2015,Harvest,513,25.56,0.2327,0.0832,0.3748,0.910,0.458,1.792,0.691,2.702
1826,1826,121515.12,BXD45,CD,F,07/26/2014,12/15/2015,Harvest,507,24.64,0.016,0.137,0.152,0.065,0.289,1.173,0.305,1.238
1827,1827,121515.13,BXD45,CD,F,07/26/2014,12/15/2015,Harvest,507,25.24,0.035,0.142,0.191,0.139,0.333,1.319,0.368,1.458
1499,1499,042915.01,BXD102,CD,F,12/14/2013,04/29/2015,Harvest,501,26.74,0.1833,0.198,0.5158,0.685,0.7138,2.669,0.897,3.355
1500,1746,042915.02,BXD102,CD,F,12/14/2013,04/29/2015,Harvest,501,23.01,0.0875,0.0925,0.1894,0.380,0.2819,1.225,0.369,1.605
1443,1443,042715.10,D2B6F1,CD,F,12/13/2013,04/27/2015,Harvest,500,46.38,0.961,0.2406,4.5462,2.072,4.7868,10.321,5.748,12.393
1466,1466,050115.15,BXD73b,CD,F,12/20/2013,05/01/2015,Harvest,497,23.54,0.2893,0.2962,0.9366,1.229,1.2328,5.237,1.522,6.466
1534,1800,042915.08,BXD29,CD,F,01/06/2014,04/29/2015,Harvest,478,23.15,0.1229,0.0932,0.2966,0.531,0.3898,1.684,0.513,2.215
1546,1546,050115.14,BXD73b,CD,F,01/12/2014,05/01/2015,Harvest,474,26.39,0.2578,0.3838,1.1876,0.977,1.5714,5.955,1.829,6.931
1429,1429,050115.20,BXD79,CD,F,01/14/2014,05/01/2015,Harvest,472,23.61,0.0178,0.0216,0.1224,0.075,0.144,0.610,0.162,0.685
1554,1554,050115.18,BXD79,CD,F,01/18/2014,05/01/2015,Harvest,468,27.83,0.1327,0.2433,1.1398,0.477,1.3831,4.970,1.516,5.447
1555,1555,050115.19,BXD79,CD,F,01/18/2014,05/01/2015,Harvest,468,27.95,0.2286,0.3318,1.3877,0.818,1.7195,6.152,1.948,6.970
2663,2663,020518.07,BXD16,CD,F,10/28/2016,02/05/2018,Harvest,465,40.4,3.6801,0.5256,1.3738,9.109,1.8994,4.701,5.580,13.811
1514,1799,042715.17,BXD100,CD,F,01/19/2014,04/27/2015,Harvest,463,23.46,0.1338,0.0708,0.2246,0.570,0.2954,1.259,0.429,1.829
1397,1397,050115.16,BXD77,CD,F,01/26/2014,05/01/2015,Harvest,460,27.43,0.13,0.1444,0.3308,0.474,0.4752,1.732,0.605,2.206
1398,1398,050115.17,BXD77,CD,F,01/26/2014,05/01/2015,Harvest,460,26.44,0.1208,0.0934,0.2381,0.457,0.3315,1.254,0.452,1.711
1482,1482,042915.12,BXD40,CD,F,02/02/2014,04/29/2015,Harvest,451,25.95,0.2901,0.1756,0.6545,1.118,0.8301,3.199,1.120,4.317
2077,2077,121615.22,BXD89,CD,F,09/28/2014,12/16/2015,Harvest,444,25.99,0.082,0.288,0.659,0.316,0.947,3.644,1.029,3.959
2078,2078,121615.23,BXD89,CD,F,09/28/2014,12/16/2015,Harvest,444,25.56,0.102,0.344,0.937,0.399,1.281,5.012,1.383,5.411
1454,1454,042915.17,BXD48a,CD,F,02/17/2014,04/29/2015,Harvest,436,25.83,0.1332,0.1071,0.4209,0.516,0.528,2.044,0.661,2.560
1455,1455,042915.18,BXD48a,CD,F,02/17/2014,04/29/2015,Harvest,436,27.34,0.175,0.1833,0.4783,0.640,0.6616,2.420,0.837,3.060
1486,1486,050115.08,BXD70,CD,F,02/21/2014,05/01/2015,Harvest,434,25.38,0.2304,0.1473,0.599,0.908,0.7463,2.941,0.977,3.848
1487,1487,050115.09,BXD70,CD,F,02/21/2014,05/01/2015,Harvest,434,34.51,1.0267,1.5273,2.9766,2.975,4.5039,13.051,5.531,16.026
1491,1491,050115.10,BXD70,CD,F,02/21/2014,05/01/2015,Harvest,434,20.89,0.1226,0.0995,0.2159,0.587,0.3154,1.510,0.438,2.097
1521,1521,042915.07,BXD29,CD,F,02/22/2014,04/29/2015,Harvest,431,29.48,0.6189,0.3833,1.3427,2.099,1.726,5.855,2.345,7.954
69,69,050912.03,BXD48a,CD,F,03/17/2011,05/09/2012,Harvest,419,24.04,0.075,0.081,0.238,0.312,0.319,1.327,0.394,1.639
70,70,050912.04,BXD48a,CD,F,03/17/2011,05/09/2012,Harvest,419,23.71,0.058,0.089,0.072,0.245,0.161,0.679,0.219,0.924
1595,1595,050115.01,BXD65b,CD,F,03/12/2014,05/01/2015,Harvest,415,44.81,1.0666,0.6065,5.6449,2.380,6.2514,13.951,7.318,16.331
1596,1596,050115.02,BXD65b,CD,F,03/12/2014,05/01/2015,Harvest,415,24.94,0.0948,0.0041,0.5852,0.380,0.5893,2.363,0.684,2.743
4,4,050912.01,BXD48,CD,F,03/31/2011,05/09/2012,Harvest,405,22.28,0.061,0.0268,0.082,0.274,0.1088,0.488,0.170,0.762
5,5,050912.02,BXD48,CD,F,03/31/2011,05/09/2012,Harvest,405,21.11,0.07,0.054,0.102,0.332,0.156,0.739,0.226,1.071
2498,2498,083016.06,BXD87,CD,F,08/05/2015,09/01/2016,Harvest,393,20.64,0.1682,0.105,0.1735,0.815,0.2785,1.349,0.447,2.164
2494,2494,083016.01,BXD32,CD,F,08/12/2015,09/01/2016,Harvest,386,30.88,0.1635,0.1593,0.5054,0.529,0.6647,2.153,0.828,2.682
2495,2495,083016.02,BXD32,CD,F,08/12/2015,09/01/2016,Harvest,386,34.53,0.2482,0.3473,0.8407,0.719,1.188,3.440,1.436,4.159
772,772,021113.03,BXD29,CD,F,01/23/2012,02/11/2013,Harvest,385,25.87,0.248,0.146,0.4274,0.959,0.5734,2.216,0.821,3.175
773,773,021113.04,BXD29,CD,F,01/23/2012,02/11/2013,Harvest,385,24.45,0.1762,0.0932,0.2349,0.721,0.3281,1.342,0.504,2.063
637,637,021313.25,BXD84,CD,F,01/24/2012,02/12/2013,Harvest,385,23.49,0.1098,0.0843,0.1734,0.467,0.2577,1.097,0.368,1.564
638,638,021313.26,BXD84,CD,F,01/24/2012,02/12/2013,Harvest,385,22.83,0.0789,0.0647,0.1712,0.346,0.2359,1.033,0.315,1.379
1391,1391,012615.10,BXD45,CD,F,01/11/2014,01/30/2015,Harvest,384,24.16,0.126,0.091,0.324,0.522,0.415,1.718,0.541,2.239
1392,1762,012615.11,BXD45,CD,F,01/11/2014,01/30/2015,Harvest,384,23.47,0.088,0.032,0.168,0.375,0.2,0.852,0.288,1.227
1524,1524,012615.16,BXD98,CD,F,01/11/2014,01/30/2015,Harvest,384,22.32,0.076,0.0255,0.1055,0.341,0.131,0.587,0.207,0.927
1525,1769,012615.17,BXD98,CD,F,01/11/2014,01/30/2015,Harvest,384,21.88,0.057,0.0138,0.0847,0.261,0.0985,0.450,0.156,0.711
2154,2154,121515.10,BXD43,CD,F,11/29/2014,12/15/2015,Harvest,381,27.78,0.139,0.23,0.899,0.500,1.129,4.064,1.268,4.564
1504,1504,012615.14,BXD44,CD,F,01/16/2014,01/30/2015,Harvest,379,24.08,0.438,0.34,1.365,1.819,1.705,7.081,2.143,8.900
1505,1505,012615.15,BXD44,CD,F,01/16/2014,01/30/2015,Harvest,379,22.04,0.203,0.0784,0.4382,0.921,0.5166,2.344,0.720,3.265
824,824,021213.21,BXD79,CD,F,01/31/2012,02/12/2013,Harvest,378,31.24,0.2145,0.6582,1.6147,0.687,2.2729,7.276,2.487,7.962
826,826,021213.22,BXD79,CD,F,01/31/2012,02/12/2013,Harvest,378,30.76,0.1622,0.6244,1.7655,0.527,2.3899,7.770,2.552,8.297
265,265,090612.07,BXD73b,CD,F,08/26/2011,09/06/2012,Harvest,377,23.9,0.3025,0.0891,0.686,1.266,0.7751,3.243,1.078,4.509
267,267,090612.08,BXD73b,CD,F,08/26/2011,09/06/2012,Harvest,377,32.3,0.9993,0.83,2.378,3.094,3.208,9.932,4.207,13.026
1033,1277,042214.03,BXD24,CD,F,04/10/2013,04/22/2014,Harvest,377,28.26,0.2323,0.2753,1.351,0.822,1.6263,5.755,1.859,6.577
1034,1034,042214.04,BXD24,CD,F,04/10/2013,04/22/2014,Harvest,377,24.96,0.2402,0.179,1.1341,0.962,1.3131,5.261,1.553,6.223
1478,1478,012615.04,BXD62,CD,F,01/19/2014,01/30/2015,Harvest,376,22.71,0.097,0.037,0.384,0.427,0.421,1.854,0.518,2.281
2315,2315,121515.11,BXD43,CD,F,12/04/2014,12/15/2015,Harvest,376,29.16,0.192,0.256,1.185,0.658,1.441,4.942,1.633,5.600
2452,2452,102616.11,BXD86,CD,F,10/16/2015,10/26/2016,Harvest,376,31.77,1.9713,0.3497,1.3355,6.205,1.6852,5.304,3.657,11.509
1213,1213,101713.01,BXD100,CD,F,10/08/2012,10/17/2013,Harvest,374,35.23,0.675,0.782,1.618,1.916,2.4,6.812,3.075,8.728
1214,1297,101713.02,BXD100,CD,F,10/08/2012,10/17/2013,Harvest,374,34.3,0.733,0.493,1.462,2.137,1.955,5.700,2.688,7.837
1169,1169,042214.21,D2B6F1,CD,F,04/17/2013,04/22/2014,Harvest,370,38.63,1.0366,0.9341,2.831,2.683,3.7651,9.747,4.802,12.430
1170,1170,042214.22,D2B6F1,CD,F,04/17/2013,04/22/2014,Harvest,370,41.62,1.1333,1.6965,2.9847,2.723,4.6812,11.247,5.815,13.970
1412,1412,121214.01,BXD65b,CD,F,12/10/2013,12/15/2014,Harvest,370,29.68,0.2417,0.2396,0.9116,0.814,1.1512,3.879,1.393,4.693
1413,1413,121214.02,BXD65b,CD,F,12/10/2013,12/15/2014,Harvest,370,33.33,0.3022,0.7745,1.9478,0.907,2.7223,8.168,3.025,9.074
1283,1283,010614.11,BXD65,CD,F,01/04/2013,01/06/2014,Harvest,367,33.63,0.5225,2.0476,3.2824,1.554,5.33,15.849,5.853,17.403
1284,1284,010614.12,BXD65,CD,F,01/04/2013,01/06/2014,Harvest,367,40.71,0.8172,0.5722,,2.007,0.5722,1.406,1.389,3.413
1270,1270,042314.17,BXD95,CD,F,04/22/2013,04/23/2014,Harvest,366,32.36,0.3817,0.1164,1.1825,1.180,1.2989,4.014,1.681,5.193
1271,1271,042314.18,BXD95,CD,F,04/22/2013,04/23/2014,Harvest,366,26.97,0.1141,0.1688,0.3872,0.423,0.556,2.062,0.670,2.485
1222,1222,042314.11,B6D2F1,CD,F,04/24/2013,04/23/2014,Harvest,364,33.03,0.3656,0.379,1.3923,1.107,1.7713,5.363,2.137,6.470
1232,1232,042314.12,B6D2F1,CD,F,04/24/2013,04/23/2014,Harvest,364,46.4,1.5683,1.1937,4.3614,3.380,5.5551,11.972,7.123,15.352
1695,1695,042415.10,BXD102,CD,F,04/26/2014,04/24/2015,Harvest,363,36.65,0.8442,0.436,2.5607,2.303,2.9967,8.177,3.841,10.480
1057,1057,042214.07,BXD40,CD,F,04/25/2013,04/22/2014,Harvest,362,22.59,0.0632,0.0884,0.1333,0.280,0.2217,0.981,0.285,1.261
1058,1058,042214.08,BXD40,CD,F,04/25/2013,04/22/2014,Harvest,362,24.92,0.2324,0.2101,0.8145,0.933,1.0246,4.112,1.257,5.044
1334,1576,090514.01,BXD13,CD,F,09/08/2013,09/05/2014,Harvest,362,25.49,0.0221,0.1835,,0.087,0.1835,0.720,0.206,0.807
1333,1333,090514.02,BXD13,CD,F,09/08/2013,09/05/2014,Harvest,362,19.1,0.074,0.0301,0.0754,0.387,0.1055,0.552,0.180,0.940
2519,2519,092216.01,BXD27,CD,F,09/26/2015,09/22/2016,Harvest,362,27.78,1.2,0.2477,0.4399,4.320,0.6876,2.475,1.888,6.795
2520,2520,092216.02,BXD27,CD,F,09/26/2015,09/22/2016,Harvest,362,34.55,1.93,0.3384,0.748,5.586,1.0864,3.144,3.016,8.731
273,273,090512.03,BXD34,CD,F,09/10/2011,09/05/2012,Harvest,361,25.3,0.187,0.106,0.381,0.739,0.487,1.925,0.674,2.664
275,275,090512.04,BXD34,CD,F,09/10/2011,09/05/2012,Harvest,361,30.6,0.54,0.573,0.961,1.765,1.534,5.013,2.074,6.778
1450,1450,121214.09,BXD73,CD,F,12/19/2013,12/15/2014,Harvest,361,24.14,0.1675,0.2407,0.2956,0.694,0.5363,2.222,0.704,2.915
1451,1451,121214.10,BXD73,CD,F,12/19/2013,12/15/2014,Harvest,361,24.38,0.1434,0.0686,0.486,0.588,0.5546,2.275,0.698,2.863
1679,1679,111414.12,C57BL/6J,CD,F,11/20/2013,11/14/2014,Harvest,359,23.06,0.1259,0.0933,0.3685,0.546,0.4618,2.003,0.588,2.549
1511,1511,121214.15,BXD70,CD,F,12/23/2013,12/15/2014,Harvest,357,22.65,0.1638,0.2049,0.3559,0.723,0.5608,2.476,0.725,3.199
1512,1512,121214.16,BXD70,CD,F,12/23/2013,12/15/2014,Harvest,357,23.91,0.1443,0.139,0.2648,0.604,0.4038,1.689,0.548,2.292
229,229,090612.05,BXD102,CD,F,09/18/2011,09/06/2012,Harvest,354,28.6,0.563,0.929,0.843,1.969,1.772,6.196,2.335,8.164
231,231,090612.06,BXD102,CD,F,09/18/2011,09/06/2012,Harvest,354,25.6,0.4167,0.497,0.995,1.628,1.492,5.828,1.909,7.456
1558,1558,121214.19,BXD66,CD,F,12/26/2013,12/15/2014,Harvest,354,21.58,0.0491,,0.1203,0.228,0.1203,0.557,0.169,0.785
146,146,090512.09,BXD77,CD,F,09/18/2011,09/05/2012,Harvest,353,25,0.1278,0.175,0.315,0.511,0.49,1.960,0.618,2.471
1436,1436,121214.20,BXD62,CD,F,12/27/2013,12/15/2014,Harvest,353,23.07,0.1073,0.0876,0.3613,0.465,0.4489,1.946,0.556,2.411
1697,1697,042415.15,BXD102,CD,F,05/06/2014,04/24/2015,Harvest,353,24.35,0.1456,0.1002,0.2838,0.598,0.384,1.577,0.530,2.175
148,148,090512.10,BXD77,CD,F,09/19/2011,09/05/2012,Harvest,352,25,0.1332,0.2217,0.443,0.533,0.6647,2.659,0.798,3.192
1424,1424,111414.19,BXD101,CD,F,11/30/2013,11/14/2014,Harvest,349,35.51,0.6388,0.699,1.9009,1.799,2.5999,7.322,3.239,9.121
1425,1425,111414.20,BXD101,CD,F,11/30/2013,11/14/2014,Harvest,349,37.09,1.0709,0.8136,2.1739,2.887,2.9875,8.055,4.058,10.942
1898,1898,042415.16,BXD68,CD,F,05/10/2014,04/24/2015,Harvest,349,19.09,0.1164,0.0933,0.289,0.610,0.3823,2.003,0.499,2.612
1899,1899,042415.17,BXD34,CD,F,05/10/2014,04/24/2015,Harvest,349,22.54,0.1201,0.1056,0.291,0.533,0.3966,1.760,0.517,2.292
365,365,090412.11,BXD9,CD,F,09/22/2011,09/04/2012,Harvest,348,49.3,2.052,,,4.162,0,0.000,2.052,4.162
367,367,090412.12,BXD9,CD,F,09/22/2011,09/04/2012,Harvest,348,46.2,2.088,,,4.519,0,0.000,2.088,4.519
703,703,021113.09,BXD51,CD,F,02/29/2012,02/11/2013,Harvest,348,29.03,0.3443,0.5702,1.112,1.186,1.6822,5.795,2.027,6.981
704,704,021113.10,BXD51,CD,F,02/29/2012,02/11/2013,Harvest,348,28.57,0.1714,0.5574,0.7394,0.600,1.2968,4.539,1.468,5.139
2145,2145,121615.03,BXD61,CD,F,01/05/2015,12/16/2015,Harvest,345,30.37,0.4,0.33,1.743,1.317,2.073,6.826,2.473,8.143
2146,2146,121615.04,BXD61,CD,F,01/05/2015,12/16/2015,Harvest,345,28.19,0.291,0.322,1.293,1.032,1.615,5.729,1.906,6.761
1414,1414,121214.24,BXD63,CD,F,01/05/2014,12/15/2014,Harvest,344,38.15,0.9199,1.3678,2.4317,2.411,3.7995,9.959,4.719,12.371
1417,1741,121214.25,BXD63,CD,F,01/05/2014,12/15/2014,Harvest,344,29.24,0.2564,0.3947,1.0362,0.877,1.4309,4.894,1.687,5.771
1885,1885,042415.20,DBA/2J,CD,F,05/15/2014,04/24/2015,Harvest,344,26.02,0.1248,0.1082,0.613,0.480,0.7212,2.772,0.846,3.251
1886,1886,042415.21,DBA/2J,CD,F,05/15/2014,04/24/2015,Harvest,344,26.01,0.1319,0.0648,0.6116,0.507,0.6764,2.601,0.808,3.108
1410,1410,111314.06,BXD65b,CD,F,01/15/2014,11/13/2014,Harvest,302,24.01,0.0744,0.05,0.3042,0.310,0.3542,1.475,0.429,1.785
1483,1483,111314.03,BXD40,CD,F,02/02/2014,11/13/2014,Harvest,284,21.12,0.0827,0.0501,0.1279,0.392,0.178,0.843,0.261,1.234
1855,1855,050115.06,BXD70,CD,F,08/13/2014,05/01/2015,Harvest,261,25.97,0.323,0.4343,0.8516,1.244,1.2859,4.951,1.609,6.195
1856,1936,050115.07,BXD70,CD,F,08/13/2014,05/01/2015,Harvest,261,24.67,0.3892,0.0715,0.8575,1.578,0.929,3.766,1.318,5.343
1859,1859,042015.03,BXD73,CD,F,08/04/2014,04/20/2015,Harvest,259,21.9,0.174,0.042,0.277,0.795,0.319,1.457,0.493,2.251
1847,1847,042015.05,BXD62,CD,F,08/10/2014,04/20/2015,Harvest,253,25,0.093,0.07,0.695,0.372,0.765,3.060,0.858,3.432
1848,1848,042015.06,BXD62,CD,F,08/10/2014,04/20/2015,Harvest,253,24.3,0.121,0.115,0.51,0.498,0.625,2.572,0.746,3.070
2577,2577,102616.12,BXD9,CD,F,02/24/2016,10/26/2016,Harvest,245,33.54,1.9713,0.3497,1.3355,5.877,1.6852,5.024,3.657,10.902
2578,2578,102616.13,BXD9,CD,F,02/24/2016,10/26/2016,Harvest,245,37.01,2.4739,0.4963,2.303,6.684,2.7993,7.564,5.273,14.248
222,222,051012.03,BXD66,CD,F,09/12/2011,05/10/2012,Harvest,241,23.98,0.201,0.168,0.379,0.838,0.547,2.281,0.748,3.119
224,224,051012.04,BXD66,CD,F,09/12/2011,05/10/2012,Harvest,241,19.25,0.08,0.059,0.136,0.416,0.195,1.013,0.275,1.429
1822,1822,042015.07,BXD44,CD,F,08/23/2014,04/20/2015,Harvest,240,20.6,0.286,0.032,0.427,1.388,0.459,2.228,0.745,3.617
1823,1823,042015.08,BXD44,CD,F,08/23/2014,04/20/2015,Harvest,240,21,0.168,0.033,0.433,0.800,0.466,2.219,0.634,3.019
187,187,051012.05,BXD70,CD,F,09/14/2011,05/10/2012,Harvest,239,25.03,0.257,0.274,0.412,1.027,0.686,2.741,0.943,3.767
189,189,051012.06,BXD70,CD,F,09/14/2011,05/10/2012,Harvest,239,26.67,0.359,0.137,0.727,1.346,0.864,3.240,1.223,4.586
238,238,051012.09,BXD81,CD,F,09/16/2011,05/10/2012,Harvest,237,17.26,0.079,0.048,0.075,0.458,0.123,0.713,0.202,1.170
240,240,051012.10,BXD81,CD,F,09/16/2011,05/10/2012,Harvest,237,15.71,,0.032,0.025,0.000,0.057,0.363,0.057,0.363
182,182,051112.11,BXD73b,CD,F,09/17/2011,05/11/2012,Harvest,237,22.71,0.138,0.172,0.238,0.608,0.41,1.805,0.548,2.413
184,184,051112.12,BXD73b,CD,F,09/17/2011,05/11/2012,Harvest,237,25.75,0.3018,0.2828,0.6511,1.172,0.9339,3.627,1.236,4.799
234,234,050912.07,BXD60,CD,F,09/17/2011,05/09/2012,Harvest,235,22.88,0.198,0.34,0.529,0.865,0.869,3.798,1.067,4.663
235,235,050912.08,BXD60,CD,F,09/17/2011,05/09/2012,Harvest,235,32.85,1.726,0.256,1.9,5.254,2.156,6.563,3.882,11.817
209,209,051112.05,BXD48a,CD,F,09/21/2011,05/11/2012,Harvest,233,31.65,0.226,0.153,0.225,0.714,0.378,1.194,0.604,1.908
211,211,051112.06,BXD48a,CD,F,09/21/2011,05/11/2012,Harvest,233,27.08,0.195,0.084,0.203,0.720,0.287,1.060,0.482,1.780
777,777,090412.01,BXD27,CD,F,01/22/2012,09/04/2012,Harvest,226,24.92,0.245,,,0.983,0,0.000,0.245,0.983
778,778,090412.02,BXD27,CD,F,01/22/2012,09/04/2012,Harvest,226,23.9,0.188,,,0.787,0,0.000,0.188,0.787
770,770,090412.03,BXD29,CD,F,01/23/2012,09/04/2012,Harvest,225,23.7,0.112,,,0.473,0,0.000,0.112,0.473
771,771,090412.04,BXD29,CD,F,01/23/2012,09/04/2012,Harvest,225,24.7,0.155,,,0.628,0,0.000,0.155,0.628
247,247,051112.07,BXD100,CD,F,10/01/2011,05/11/2012,Harvest,223,33.3,0.551,0.25,0.704,1.655,0.954,2.865,1.505,4.520
248,248,051112.08,BXD100,CD,F,10/01/2011,05/11/2012,Harvest,223,25.98,0.263,0.13,0.256,1.012,0.386,1.486,0.649,2.498
468,468,051112.09,BXD101,CD,F,10/01/2011,05/11/2012,Harvest,223,26.79,0.179,0.076,0.391,0.668,0.467,1.743,0.646,2.411
469,469,051112.10,BXD101,CD,F,10/01/2011,05/11/2012,Harvest,223,26.54,0.233,0.077,0.294,0.878,0.371,1.398,0.604,2.276
2098,2098,042015.13,BXD65,CD,F,09/10/2014,04/20/2015,Harvest,222,23.8,0.063,0.0435,0.276,0.265,0.3195,1.342,0.383,1.607
2575,2575,092216.08,BXD84,CD,F,02/15/2016,09/22/2016,Harvest,220,18.76,0.1017,0.0448,0.0393,0.542,0.0841,0.448,0.186,0.990
762,762,090412.05,BXD56,CD,F,01/30/2012,09/04/2012,Harvest,218,26.3,0.126,,,0.479,0,0.000,0.126,0.479
763,763,090412.06,BXD56,CD,F,01/30/2012,09/04/2012,Harvest,218,25.2,0.127,,,0.504,0,0.000,0.127,0.504
819,819,090412.07,BXD63,CD,F,01/30/2012,09/04/2012,Harvest,218,28.1,0.67,,,2.384,0,0.000,0.670,2.384
818,818,090412.08,BXD63,CD,F,01/30/2012,09/04/2012,Harvest,218,28.3,0.747,,,2.640,0,0.000,0.747,2.640
823,823,090412.09,BXD79,CD,F,01/31/2012,09/04/2012,Harvest,217,25.8,0.267,,,1.035,0,0.000,0.267,1.035
825,825,090412.10,BXD79,CD,F,01/31/2012,09/04/2012,Harvest,217,25.5,0.115,,,0.451,0,0.000,0.115,0.451
1223,1223,101713.13,B6D2F1,CD,F,03/15/2013,10/17/2013,Harvest,216,31.39,0.557,0.35,1.263,1.774,1.613,5.139,2.170,6.913
1224,1224,101713.14,B6D2F1,CD,F,03/15/2013,10/17/2013,Harvest,216,32.5,0.552,0.504,1.75,1.698,2.254,6.935,2.806,8.634
526,526,090612.15,C57BL/6J,CD,F,02/04/2012,09/06/2012,Harvest,215,22.8,0.223,0.4105,0.1453,0.978,0.5558,2.438,0.779,3.416
527,527,090612.16,C57BL/6J,CD,F,02/04/2012,09/06/2012,Harvest,215,25.7,0.305,0.317,0.706,1.187,1.023,3.981,1.328,5.167
1146,1146,101713.09,DBA/2J,CD,F,03/19/2013,10/17/2013,Harvest,212,30.31,0.54,0.382,1.388,1.782,1.77,5.840,2.310,7.621
1147,1147,101713.10,DBA/2J,CD,F,03/19/2013,10/17/2013,Harvest,212,29.18,0.444,0.289,1.344,1.522,1.633,5.596,2.077,7.118
1153,1153,101713.17,D2B6F1,CD,F,03/21/2013,10/17/2013,Harvest,210,37.96,0.882,0.88,2.3,2.323,3.18,8.377,4.062,10.701
1154,1154,101713.18,D2B6F1,CD,F,03/21/2013,10/17/2013,Harvest,210,41.77,1.294,1.069,3.07,3.098,4.139,9.909,5.433,13.007
1048,1048,101513.01,BXD34,CD,F,03/20/2013,10/15/2013,Harvest,209,35.79,0.772,0.456,2.056,2.157,2.512,7.019,3.284,9.176
1203,1203,101513.15,BXD64,CD,F,03/20/2013,10/15/2013,Harvest,209,23.1,0.198,0.115,0.572,0.857,0.687,2.974,0.885,3.831
1204,1204,101513.16,BXD64,CD,F,03/20/2013,10/15/2013,Harvest,209,21.69,0.09,0.249,0.161,0.415,0.41,1.890,0.500,2.305
2072,2072,042015.19,BXD73,CD,F,09/26/2014,04/20/2015,Harvest,206,19.9,0.091,0.0439,0.2805,0.457,0.3244,1.630,0.415,2.087
1791,1791,012615.18,BXD24,CD,F,07/09/2014,01/30/2015,Harvest,205,22.68,0.306,0.162,0.757,1.349,0.919,4.052,1.225,5.401
1792,1792,012615.19,BXD24,CD,F,07/09/2014,01/30/2015,Harvest,205,21.53,0.18,0.068,0.257,0.836,0.325,1.510,0.505,2.346
1054,1054,101513.02,BXD34,CD,F,03/28/2013,10/15/2013,Harvest,201,33.54,0.656,0.737,1.467,1.956,2.204,6.571,2.860,8.527
1068,1068,101613.05,BXD34,CD,F,03/29/2013,10/16/2013,Harvest,201,24.49,0.204,0.134,0.402,0.833,0.536,2.189,0.740,3.022
1069,1069,101613.06,BXD68,CD,F,03/29/2013,10/16/2013,Harvest,201,28.58,0.5,0.306,0.828,1.749,1.134,3.968,1.634,5.717
549,549,090612.09,BXD87,CD,F,02/19/2012,09/06/2012,Harvest,200,21.8,0.2131,0.0456,0.1551,0.978,0.2007,0.921,0.414,1.898
550,550,090612.10,BXD87,CD,F,02/19/2012,09/06/2012,Harvest,200,20.6,0.1701,0.0436,0.2297,0.826,0.2733,1.327,0.443,2.152
2034,2034,042015.22,BXD32,CD,F,10/02/2014,04/20/2015,Harvest,200,25.5,0.1604,0.0423,0.4958,0.629,0.5381,2.110,0.699,2.739
2035,2035,042015.23,BXD32,CD,F,10/02/2014,04/20/2015,Harvest,200,21.1,0.1048,0.044,0.2206,0.497,0.2646,1.254,0.369,1.751
554,554,090612.13,BXD89,CD,F,02/26/2012,09/06/2012,Harvest,193,22.7,0.157,0.0807,0.535,0.692,0.6157,2.712,0.773,3.404
555,555,090612.14,BXD89,CD,F,02/26/2012,09/06/2012,Harvest,193,25.6,0.133,0.032,0.171,0.520,0.203,0.793,0.336,1.313
2058,2058,042415.03,BXD49,CD,F,10/16/2014,04/24/2015,Harvest,190,26.15,0.0992,0.0904,0.241,0.379,0.3314,1.267,0.431,1.647
1702,1702,102414.03,BXD90,CD,F,04/19/2014,10/24/2014,Harvest,188,20.09,0.093,0.053,0.107,0.463,0.16,0.796,0.253,1.259
1724,1724,111414.01,BXD61,CD,F,05/10/2014,11/14/2014,Harvest,188,28.51,0.331,0.0937,0.7858,1.161,0.8795,3.085,1.211,4.246
1725,1770,111414.02,BXD61,CD,F,05/10/2014,11/14/2014,Harvest,188,29.63,0.3522,0.2047,1.0556,1.189,1.2603,4.253,1.613,5.442
2054,2054,042015.27,BXD48,CD,F,10/14/2014,04/20/2015,Harvest,188,25.9,0.0565,0.0522,0.1167,0.218,0.1689,0.652,0.225,0.870
1709,1766,111414.05,BXD65,CD,F,05/11/2014,11/14/2014,Harvest,187,26.09,0.0942,0.1133,0.579,0.361,0.6923,2.654,0.787,3.015
1710,1710,111414.06,BXD65,CD,F,05/11/2014,11/14/2014,Harvest,187,41.28,0.0927,0.059,0.3131,0.225,0.3721,0.901,0.465,1.126
2097,2097,042415.04,BXD65,CD,F,10/20/2014,04/24/2015,Harvest,186,26.51,0.143,0.1221,0.7624,0.539,0.8845,3.336,1.028,3.876
2127,2127,042415.07,BXD66,CD,F,10/22/2014,04/24/2015,Harvest,184,27.36,0.4273,0.151,0.9293,1.562,1.0803,3.948,1.508,5.510
2128,2128,042415.08,BXD66,CD,F,10/22/2014,04/24/2015,Harvest,184,29.16,0.5744,0.2068,1.1341,1.970,1.3409,4.598,1.915,6.568
1363,1363,052814.01,BXD102,CD,F,11/28/2013,05/30/2014,Harvest,183,20.23,0.1256,0.0728,0.2122,0.621,0.285,1.409,0.411,2.030
1364,1364,052814.02,BXD102,CD,F,11/28/2013,05/30/2014,Harvest,183,20.34,0.095,0.0767,0.2193,0.467,0.296,1.455,0.391,1.922
1680,1680,102414.05,C57BL/6J,CD,F,04/25/2014,10/24/2014,Harvest,182,19.72,0.104,0.056,0.101,0.527,0.157,0.796,0.261,1.324
1720,1720,111414.11,BXD65,CD,F,05/17/2014,11/14/2014,Harvest,181,24.56,0.1145,0.2813,0.5736,0.466,0.8549,3.481,0.969,3.947
1691,1691,102414.08,BXD40,CD,F,04/27/2014,10/24/2014,Harvest,180,22.54,0.232,0.245,0.505,1.029,0.75,3.327,0.982,4.357
2086,2086,042415.13,BXD100,CD,F,10/30/2014,04/24/2015,Harvest,176,22.81,0.101,0.1045,0.2031,0.443,0.3076,1.349,0.409,1.791
1714,1714,102414.16,BXD65b,CD,F,05/03/2014,10/24/2014,Harvest,174,24.14,0.1493,0.3741,0.5945,0.618,0.9686,4.012,1.118,4.631
2142,2142,042415.23,BXD69,CD,F,11/18/2014,04/24/2015,Harvest,157,23.92,0.1366,0.2283,0.7775,0.571,1.0058,4.205,1.142,4.776
1163,1163,042715.11,D2B6F1,HF,F,04/08/2012,04/27/2015,Harvest,1114,85.32,1.8114,2.5698,11.0057,2.123,13.5755,15.911,15.387,18.034
2501,2501,020518.04,DBA/2J,HF,F,08/13/2015,02/05/2018,Harvest,907,29.8,0.1758,0.0653,0.304,0.590,0.3693,1.239,0.545,1.829
2556,2556,020518.10,BXD28,HF,F,12/24/2015,02/05/2018,Harvest,774,25.1,0.354,0.098,0.2976,1.410,0.3956,1.576,0.750,2.986
2076,2076,102616.19,BXD89,HF,F,09/28/2014,10/26/2016,Harvest,759,28.59,0.9398,0.3473,0.2799,3.287,0.6272,2.194,1.567,5.481
2063,2063,102616.15,BXD61,HF,F,10/03/2014,10/26/2016,Harvest,754,60.13,14.9244,0.5451,5.1399,24.820,5.685,9.455,20.609,34.275
2090,2090,102616.16,BXD63,HF,F,10/05/2014,10/26/2016,Harvest,752,58.93,7.5836,1.2291,2.8839,12.869,4.113,6.979,11.697,19.848
2091,2091,102616.17,BXD63,HF,F,10/05/2014,10/26/2016,Harvest,752,50.21,6.5709,0.7034,1.5805,13.087,2.2839,4.549,8.855,17.636
732,732,010614.03,BXD29,HF,F,01/01/2012,01/06/2014,Harvest,736,47.41,1.0117,1.6883,5.5051,2.134,7.1934,15.173,8.205,17.307
734,734,010614.04,BXD29,HF,F,01/01/2012,01/06/2014,Harvest,736,43.7,1.1584,1.5312,5.4686,2.651,6.9998,16.018,8.158,18.669
2012,2012,092216.11,C57BL/6J,HF,F,09/19/2014,09/22/2016,Harvest,734,39.05,1.6166,0.3696,1.6054,4.140,1.975,5.058,3.592,9.197
568,568,010614.15,BXD69,HF,F,01/04/2012,01/06/2014,Harvest,733,30.94,0.2552,3.0895,2.1812,0.825,5.2707,17.035,5.526,17.860
1179,1179,091914.01,BXD73b,HF,F,09/20/2012,09/19/2014,Harvest,729,31.45,0.252,0.0845,0.5702,0.801,0.6547,2.082,0.907,2.883
1180,1180,091914.02,BXD73b,HF,F,09/20/2012,09/19/2014,Harvest,729,37.79,0.7039,1.146,3.4745,1.863,4.6205,12.227,5.324,14.089
1230,1230,012615.01,B6D2F1,HF,F,02/03/2013,01/30/2015,Harvest,726,83.62,2.22,5.06,15.53,2.655,20.59,24.623,22.810,27.278
2018,2018,092216.07,C57BL/6J,HF,F,09/27/2014,09/22/2016,Harvest,726,44.14,4.3478,0.6826,1.4846,9.850,2.1672,4.910,6.515,14.760
328,328,101613.15,BXD77,HF,F,10/24/2011,10/16/2013,Harvest,723,63.35,2.326,0.513,10.67,3.672,11.183,17.653,13.509,21.324
330,330,101613.16,BXD77,HF,F,10/24/2011,10/16/2013,Harvest,723,45.46,1.354,2.294,5.1,2.978,7.394,16.265,8.748,19.243
1095,1095,121214.08,BXD90,HF,F,12/22/2012,12/15/2014,Harvest,723,38.9,0.1661,1.2201,0.2267,0.427,1.4468,3.719,1.613,4.146
2032,2032,092216.03,BXD32,HF,F,10/02/2014,09/22/2016,Harvest,721,31.41,1.7563,0.1618,0.6871,5.592,0.8489,2.703,2.605,8.294
2033,2033,092216.04,BXD32,HF,F,10/02/2014,09/22/2016,Harvest,721,47.76,4.9891,0.7981,2.8843,10.446,3.6824,7.710,8.672,18.156
2037,2037,092216.05,BXD40,HF,F,10/04/2014,09/22/2016,Harvest,719,32.95,1.2164,0.5007,0.6879,3.692,1.1886,3.607,2.405,7.299
393,393,101613.03,BXD67,HF,F,11/01/2011,10/16/2013,Harvest,715,46.66,0.824,1.123,6.248,1.766,7.371,15.797,8.195,17.563
394,394,101613.04,BXD67,HF,F,11/01/2011,10/16/2013,Harvest,715,52.97,0.994,1.272,21.4,1.877,22.672,42.802,23.666,44.678
1183,1300,102414.15,BXD100,HF,F,11/08/2012,10/24/2014,Harvest,715,38.86,1.564,1.8349,3.3911,4.025,5.226,13.448,6.790,17.473
833,833,010614.07,BXD53,HF,F,01/24/2012,01/06/2014,Harvest,713,58.49,1.7566,3.295,8.8068,3.003,12.1018,20.690,13.858,23.694
836,836,010614.08,BXD53,HF,F,01/24/2012,01/06/2014,Harvest,713,36.36,0.2318,1.0472,3.0661,0.638,4.1133,11.313,4.345,11.950
451,451,101613.11,BXD70,HF,F,11/06/2011,10/16/2013,Harvest,710,32.35,0.334,0.79,1.868,1.032,2.658,8.216,2.992,9.249
453,453,101613.12,BXD70,HF,F,11/06/2011,10/16/2013,Harvest,710,36.68,0.9,1.45,3.636,2.454,5.086,13.866,5.986,16.320
529,529,010614.23,DBA/2J,HF,F,01/28/2012,01/06/2014,Harvest,709,24.45,0.2209,0.8188,0.0992,0.903,0.918,3.755,1.139,4.658
530,530,010614.24,DBA/2J,HF,F,01/28/2012,01/06/2014,Harvest,709,26.88,0.1274,0.1023,1.0014,0.474,1.1037,4.106,1.231,4.580
1515,1515,121515.20,BXD51,HF,F,01/09/2014,12/15/2015,Harvest,705,31.39,0.655,0.358,1.818,2.087,2.176,6.932,2.831,9.019
1506,1506,121615.16,BXD73,HF,F,01/21/2014,12/16/2015,Harvest,694,25.44,0.047,0.124,0.668,0.185,0.792,3.113,0.839,3.298
2259,2259,083016.08,BXD24,HF,F,10/14/2014,09/01/2016,Harvest,688,63.19,1.4692,1.4093,2.2307,2.325,3.64,5.760,5.109,8.085
2574,2574,020518.06,BXD90,HF,F,03/30/2016,02/05/2018,Harvest,677,56.4,7.5506,2.4274,2.8886,13.388,5.316,9.426,12.867,22.813
1522,1522,110415.01,BXD98,HF,F,01/11/2014,11/04/2015,Harvest,662,27.194,,0.1076,0.5832,0.000,0.6908,2.540,0.691,2.540
1037,1037,111314.10,BXD29,HF,F,02/21/2013,11/13/2014,Harvest,630,46.02,1.2076,1.6086,4.1318,2.624,5.7404,12.474,6.948,15.098
1444,1444,042715.13,B6D2F1,HF,F,08/09/2013,04/27/2015,Harvest,626,63.23,1.1562,1.4914,11.6433,1.829,13.1347,20.773,14.291,22.601
1445,1445,042015.01,B6D2F1,HF,F,08/09/2013,04/20/2015,Harvest,619,73.7,1.554,0.407,7.477,2.109,7.884,10.697,9.438,12.806
1446,1446,042015.02,B6D2F1,HF,F,08/09/2013,04/20/2015,Harvest,619,42.7,0.395,0.101,1.348,0.925,1.449,3.393,1.844,4.319
1238,1772,111314.16,BXD48a,HF,F,03/26/2013,11/13/2014,Harvest,597,49.86,1.1954,1.4132,4.6318,2.398,6.045,12.124,7.240,14.521
1239,1239,111314.17,BXD48a,HF,F,03/26/2013,11/13/2014,Harvest,597,53.08,1.0451,1.6362,4.6762,1.969,6.3124,11.892,7.358,13.861
1341,1377,042915.13,BXD48,HF,F,09/11/2013,04/29/2015,Harvest,595,45.93,0.9729,0.5509,3.6854,2.118,4.2363,9.223,5.209,11.342
1342,1378,042915.14,BXD48,HF,F,09/11/2013,04/29/2015,Harvest,595,25.76,0.045,0.1278,0.2057,0.175,0.3335,1.295,0.379,1.469
1325,1325,042015.11,BXD43,HF,F,09/03/2013,04/20/2015,Harvest,594,56.1,1.251,0.496,5.435,2.230,5.931,10.572,7.182,12.802
1326,1326,042015.12,BXD43,HF,F,09/03/2013,04/20/2015,Harvest,594,40.8,1.126,0.36,4.613,2.760,4.973,12.189,6.099,14.949
1728,1728,121615.14,BXD70,HF,F,05/17/2014,12/16/2015,Harvest,578,71.41,5.197,2.784,10.02,7.278,12.804,17.930,18.001,25.208
668,668,061913.03,BXD29,HF,F,11/20/2011,06/19/2013,Harvest,577,38.3,0.8986,1.5507,3.1669,2.346,4.7176,12.317,5.616,14.664
669,669,061913.04,BXD29,HF,F,11/20/2011,06/19/2013,Harvest,577,49.83,1.6068,1.5321,5.5898,3.225,7.1219,14.292,8.729,17.517
556,556,061913.09,BXD55,HF,F,11/24/2011,06/19/2013,Harvest,573,24.19,0.0488,0.0231,0.0875,0.202,0.1106,0.457,0.159,0.659
557,557,061913.10,BXD55,HF,F,11/24/2011,06/19/2013,Harvest,573,24.98,0.0704,0.0114,0.084,0.282,0.0954,0.382,0.166,0.664
780,780,101613.13,BXD73b,HF,F,03/22/2012,10/16/2013,Harvest,573,31.64,1.053,0.614,2.097,3.328,2.711,8.568,3.764,11.896
782,782,101613.14,BXD73b,HF,F,03/22/2012,10/16/2013,Harvest,573,31,1.037,0.67,2.121,3.345,2.791,9.003,3.828,12.348
582,582,061913.17,BXD79,HF,F,11/26/2011,06/19/2013,Harvest,571,55.97,1.009,4.1626,9.4587,1.803,13.6213,24.337,14.630,26.140
583,583,061913.18,BXD79,HF,F,11/26/2011,06/19/2013,Harvest,571,41.9,0.4971,1.0759,8.7196,1.186,9.7955,23.378,10.293,24.565
736,736,062013.03,BXD90,HF,F,11/28/2011,06/20/2013,Harvest,570,57.88,2.4085,2.8401,10.3317,4.161,13.1718,22.757,15.580,26.918
737,737,062013.04,BXD90,HF,F,11/28/2011,06/20/2013,Harvest,570,54.46,2.6422,2.4792,7.0337,4.852,9.5129,17.468,12.155,22.319
881,881,062013.19,BXD91,HF,F,12/06/2011,06/20/2013,Harvest,562,68.1,1.324,4.1514,11.6919,1.944,15.8433,23.265,17.167,25.209
882,882,062013.20,BXD91,HF,F,12/06/2011,06/20/2013,Harvest,562,35.27,0.8008,0.8577,3.3227,2.270,4.1804,11.853,4.981,14.123
589,923,061913.07,BXD48,HF,F,12/10/2011,06/19/2013,Harvest,557,53.09,1.2013,0.9799,4.0287,2.263,5.0086,9.434,6.210,11.697
588,588,061913.08,BXD48,HF,F,12/10/2011,06/19/2013,Harvest,557,76.21,1.5935,3.5203,8.6668,2.091,12.1871,15.991,13.781,18.082
1017,1017,102414.01,BXD9,HF,F,04/15/2013,10/24/2014,Harvest,557,60.33,1.752,1.157,6.92,2.904,8.077,13.388,9.829,16.292
1273,1273,102414.20,BXD95,HF,F,04/22/2013,10/24/2014,Harvest,550,51.29,0.2081,1.0085,8.8869,0.406,9.8954,19.293,10.104,19.699
1142,1142,091914.05,DBA/2J,HF,F,03/19/2013,09/19/2014,Harvest,549,44.71,0.754,1.197,8.8023,1.686,9.9993,22.365,10.753,24.051
1143,1143,091914.06,DBA/2J,HF,F,03/19/2013,09/19/2014,Harvest,549,43.87,1.045,0.498,7.428,2.382,7.926,18.067,8.971,20.449
1009,1009,082214.09,BXD9,HF,F,02/20/2013,08/22/2014,Harvest,548,64.44,2.3,5.298,8.387,3.569,13.685,21.237,15.985,24.806
1208,1315,082214.10,BXD62,HF,F,02/20/2013,08/22/2014,Harvest,548,22.72,0.055,0.088,0.405,0.242,0.493,2.170,0.548,2.412
2286,2286,102616.02,B6D2F1,HF,F,04/28/2015,10/26/2016,Harvest,547,85.25,13.1179,1.4356,3.4925,15.388,4.9281,5.781,18.046,21.168
2287,2287,102616.03,B6D2F1,HF,F,04/28/2015,10/26/2016,Harvest,547,91.06,10.5074,1.8751,4.2398,11.539,6.1149,6.715,16.622,18.254
2288,2288,102616.04,B6D2F1,HF,F,04/28/2015,10/26/2016,Harvest,547,72.2,8.4081,1.3603,4.0321,11.646,5.3924,7.469,13.801,19.114
2290,2290,102616.05,B6D2F1,HF,F,04/28/2015,10/26/2016,Harvest,547,91.3,10.542,1.6451,5.1191,11.547,6.7642,7.409,17.306,18.955
1081,1081,082214.07,BXD68,HF,F,02/23/2013,08/22/2014,Harvest,545,55.5,1.502,4.7517,8.67,2.706,13.4217,24.183,14.924,26.890
1082,1290,082214.08,BXD34,HF,F,02/23/2013,08/22/2014,Harvest,545,37.87,1.215,2.346,1.215,3.208,3.561,9.403,4.776,12.612
514,514,062013.09,C57BL/6J,HF,F,12/24/2011,06/20/2013,Harvest,544,76.17,2.1103,3.2482,7.1741,2.771,10.4223,13.683,12.533,16.453
516,516,062013.10,C57BL/6J,HF,F,12/24/2011,06/20/2013,Harvest,544,72.53,2.0702,3.8662,8.2221,2.854,12.0883,16.667,14.159,19.521
1358,1358,102414.04,BXD102,HF,F,04/28/2013,10/24/2014,Harvest,544,52.31,1.719,1.777,6.316,3.286,8.093,15.471,9.812,18.757
698,698,062013.05,BXD48a,HF,F,12/25/2011,06/20/2013,Harvest,543,57.58,1.2636,1.2582,4.2927,2.195,5.5509,9.640,6.815,11.835
699,699,062013.06,BXD48a,HF,F,12/25/2011,06/20/2013,Harvest,543,45.04,0.9491,0.8842,2.1514,2.107,3.0356,6.740,3.985,8.847
1784,1784,121615.06,BXD65,HF,F,06/23/2014,12/16/2015,Harvest,541,62.99,1.966,0.914,11.23,3.121,12.144,19.279,14.110,22.400
642,642,062013.13,D2B6F1,HF,F,12/28/2011,06/20/2013,Harvest,540,54.94,1.5336,1.6423,7.646,2.791,9.2883,16.906,10.822,19.698
643,643,062013.14,D2B6F1,HF,F,12/28/2011,06/20/2013,Harvest,540,90.5,4.5842,5.418,14.4551,5.065,19.8731,21.959,24.457,27.025
1137,1137,101014.02,BXD32,HF,F,04/18/2013,10/09/2014,Harvest,539,51.32,1.522,2.217,5.515,2.966,7.732,15.066,9.254,18.032
1320,1320,101014.03,BXD89,HF,F,04/18/2013,10/09/2014,Harvest,539,45.57,0.913,1.373,0.4666,2.004,1.8396,4.037,2.753,6.040
1321,1321,101014.04,BXD89,HF,F,04/18/2013,10/09/2014,Harvest,539,46.04,0.864,1.927,4.829,1.877,6.756,14.674,7.620,16.551
1186,1186,050914.03,BXD100,HF,F,11/18/2012,05/09/2014,Harvest,537,81.92,3.9234,7.1534,13.956,4.789,21.1094,25.768,25.033,30.558
1187,1187,050914.04,BXD100,HF,F,11/18/2012,05/09/2014,Harvest,537,69.425,2.737,4.281,10.833,3.942,15.114,21.770,17.851,25.713
1052,1052,101014.05,BXD34,HF,F,04/20/2013,10/09/2014,Harvest,537,69.25,2.825,2.8,9.481,4.079,12.281,17.734,15.106,21.814
1053,1053,101014.06,BXD34,HF,F,04/20/2013,10/09/2014,Harvest,537,75.25,2.428,5.265,8.273,3.227,13.538,17.991,15.966,21.217
1328,1328,121214.23,BXD69,HF,F,07/05/2013,12/15/2014,Harvest,528,35.67,0.3827,0.8315,2.1699,1.073,3.0014,8.414,3.384,9.487
1789,1789,121615.10,BXD65b,HF,F,07/07/2014,12/16/2015,Harvest,527,64.45,3.025,0.957,7.31,4.694,8.267,12.827,11.292,17.521
1790,1790,121615.11,BXD65,HF,F,07/07/2014,12/16/2015,Harvest,527,57.14,1.42,0.994,6.949,2.485,7.943,13.901,9.363,16.386
1842,1842,121515.24,BXD61,HF,F,07/09/2014,12/15/2015,Harvest,524,81.2,4.573,1.507,21.973,5.632,23.48,28.916,28.053,34.548
1843,1843,121515.25,BXD61,HF,F,07/09/2014,12/15/2015,Harvest,524,58.54,2.35,1.559,12.634,4.014,14.193,24.245,16.543,28.259
1905,1905,121615.15,BXD70,HF,F,07/10/2014,12/16/2015,Harvest,524,47.9,1.577,1.41,5.911,3.292,7.321,15.284,8.898,18.576
1329,1329,111314.20,BXD73b,HF,F,06/15/2013,11/13/2014,Harvest,516,27.41,0.2318,0.0906,0.8324,0.846,0.923,3.367,1.155,4.213
1330,1330,111314.21,BXD73b,HF,F,06/15/2013,11/13/2014,Harvest,516,27.27,0.3247,0.3931,0.9236,1.191,1.3167,4.828,1.641,6.019
1421,1421,042715.20,BXD101,HF,F,11/30/2013,04/27/2015,Harvest,513,75.65,2.5333,2.7927,14.6518,3.349,17.4445,23.059,19.978,26.408
1870,1945,121615.21,BXD87,HF,F,07/22/2014,12/16/2015,Harvest,512,35.22,0.879,0.429,5.055,2.496,5.484,15.571,6.363,18.066
1866,1866,121615.19,BXD77,HF,F,07/23/2014,12/16/2015,Harvest,511,55.8,1.043,0.847,7.323,1.869,8.17,14.642,9.213,16.511
1867,1867,121615.20,BXD77,HF,F,07/23/2014,12/16/2015,Harvest,511,51.07,1.183,0.732,5.905,2.316,6.637,12.996,7.820,15.312
1830,1830,121515.14,BXD45,HF,F,07/30/2014,12/15/2015,Harvest,503,38.85,0.89,0.829,0.205,2.291,1.034,2.662,1.924,4.952
1831,1940,121515.15,BXD45,HF,F,07/30/2014,12/15/2015,Harvest,503,34.34,0.819,0.493,1.817,2.385,2.31,6.727,3.129,9.112
1532,1782,042915.09,BXD29,HF,F,12/15/2013,04/29/2015,Harvest,500,41.83,1.2043,0.9668,3.6857,2.879,4.6525,11.122,5.857,14.001
1463,1463,050115.13,BXD73b,HF,F,12/20/2013,05/01/2015,Harvest,497,35.61,0.8326,0.594,3.005,2.338,3.599,10.107,4.432,12.445
1422,1422,042715.19,BXD101,HF,F,12/20/2013,04/27/2015,Harvest,493,56.98,1.7605,1.404,9.1819,3.090,10.5859,18.578,12.346,21.668
1434,1434,042915.19,BXD62,HF,F,12/27/2013,04/29/2015,Harvest,488,38.88,0.05729,0.4022,4.6989,0.147,5.1011,13.120,5.158,13.267
1435,1435,042915.20,BXD62,HF,F,12/27/2013,04/29/2015,Harvest,488,35.12,0.5448,0.47,2.9496,1.551,3.4196,9.737,3.964,11.288
1544,1544,050115.11,BXD73b,HF,F,01/12/2014,05/01/2015,Harvest,474,50.84,1.9491,0.4711,3.809,3.834,4.2801,8.419,6.229,12.253
1545,1545,050115.12,BXD73b,HF,F,01/12/2014,05/01/2015,Harvest,474,41.27,1.7412,1.1804,3.8789,4.219,5.0593,12.259,6.801,16.478
1418,1942,042715.18,BXD101,HF,F,01/12/2014,04/27/2015,Harvest,470,70.18,2.1484,0.7855,11.5208,3.061,12.3063,17.535,14.455,20.597
2665,2665,020518.08,BXD16,HF,F,10/28/2016,02/05/2018,Harvest,465,76.5,11.6386,1.0507,4.705,15.214,5.7557,7.524,17.394,22.738
1513,1513,042715.16,BXD100,HF,F,01/19/2014,04/27/2015,Harvest,463,44.6,1.5668,0.7947,3.393,3.513,4.1877,9.389,5.755,12.902
1470,1470,042915.10,BXD32,HF,F,02/12/2014,04/29/2015,Harvest,441,41.61,0.9328,0.9577,5.0376,2.242,5.9953,14.408,6.928,16.650
1471,1471,042915.11,BXD32,HF,F,02/12/2014,04/29/2015,Harvest,441,31.78,0.9092,0.4901,2.286,2.861,2.7761,8.735,3.685,11.596
1452,1452,042915.15,BXD48a,HF,F,02/17/2014,04/29/2015,Harvest,436,46.92,1.5827,0.5543,3.3985,3.373,3.9528,8.425,5.536,11.798
1453,1453,042915.16,BXD48a,HF,F,02/17/2014,04/29/2015,Harvest,436,55.48,1.9241,1.0509,3.7915,3.468,4.8424,8.728,6.767,12.196
1520,1520,042915.06,BXD29,HF,F,02/22/2014,04/29/2015,Harvest,431,41.38,1.6245,0.9692,3.0381,3.926,4.0073,9.684,5.632,13.610
1597,1597,050115.03,BXD65b,HF,F,03/12/2014,05/01/2015,Harvest,415,59.86,1.3276,3.1023,7.8025,2.218,10.9048,18.217,12.232,20.435
2433,2433,092216.09,BXD27,HF,F,09/01/2015,09/22/2016,Harvest,387,41.66,2.6266,0.6742,2.5331,6.305,3.2073,7.699,5.834,14.004
2434,2434,092216.10,BXD27,HF,F,09/01/2015,09/22/2016,Harvest,387,49.18,3.5674,0.9025,2.4603,7.254,3.3628,6.838,6.930,14.092
1197,1197,010614.17,BXD73b,HF,F,12/17/2012,01/06/2014,Harvest,385,41.33,1.4858,0.16287,3.7674,3.595,3.93027,9.509,5.416,13.104
1198,1198,010614.18,BXD73b,HF,F,12/17/2012,01/06/2014,Harvest,385,35.03,1.033,1.3165,2.8654,2.949,4.1819,11.938,5.215,14.887
1406,1406,012615.20,BXD65b,HF,F,01/15/2014,01/30/2015,Harvest,380,79.2,1.833,0.529,0.7786,2.314,1.3076,1.651,3.141,3.965
1501,1501,012615.12,BXD44,HF,F,01/16/2014,01/30/2015,Harvest,379,40.41,1.288,2.014,0.354,3.187,2.368,5.860,3.656,9.047
1502,1502,012615.13,BXD44,HF,F,01/16/2014,01/30/2015,Harvest,379,50.46,1.963,2.275,0.5158,3.890,2.7908,5.531,4.754,9.421
1031,1031,042214.01,BXD24,HF,F,04/10/2013,04/22/2014,Harvest,377,77.1,1.9287,5.838,7.765,2.502,13.603,17.643,15.532,20.145
1032,1032,042214.02,BXD24,HF,F,04/10/2013,04/22/2014,Harvest,377,67.34,1.7913,4.8,7.1375,2.660,11.9375,17.727,13.729,20.387
1065,1065,042214.11,BXD60,HF,F,04/13/2013,04/22/2014,Harvest,374,61.03,2.157,5.092,4.962,3.534,10.054,16.474,12.211,20.008
1066,1280,042214.12,BXD60,HF,F,04/13/2013,04/22/2014,Harvest,374,79.03,4.5711,4.573,6.763,5.784,11.336,14.344,15.907,20.128
1171,1171,042314.01,D2B6F1,HF,F,04/17/2013,04/23/2014,Harvest,371,59.34,1.6566,1.849,9.442,2.792,11.291,19.028,12.948,21.819
1172,1304,042314.02,D2B6F1,HF,F,04/17/2013,04/23/2014,Harvest,371,58.8,1.7307,2.4176,8.9391,2.943,11.3567,19.314,13.087,22.257
1042,1042,042214.05,BXD29,HF,F,04/18/2013,04/22/2014,Harvest,369,33.85,0.958,1.014,1.8805,2.830,2.8945,8.551,3.853,11.381
1043,1043,042214.06,BXD29,HF,F,04/18/2013,04/22/2014,Harvest,369,32.02,0.5709,0.7634,1.6122,1.783,2.3756,7.419,2.947,9.202
1285,1285,010614.13,BXD65,HF,F,01/04/2013,01/06/2014,Harvest,367,66.61,1.4066,0.804,9.5308,2.112,10.3348,15.515,11.741,17.627
1286,1298,010614.14,BXD65,HF,F,01/04/2013,01/06/2014,Harvest,367,55.23,1.4355,3.6896,8.8671,2.599,12.5567,22.735,13.992,25.334
1323,1757,090514.03,BXD43,HF,F,09/03/2013,09/05/2014,Harvest,367,46.96,1.704,0.259,6.765,3.629,7.024,14.957,8.728,18.586
1324,1756,090514.04,BXD43,HF,F,09/03/2013,09/05/2014,Harvest,367,48.1,0.7531,1.036,6.6,1.566,7.636,15.875,8.389,17.441
1560,1560,121214.04,BXD66,HF,F,12/13/2013,12/15/2014,Harvest,367,53.39,2.527,2.2493,7.5757,4.733,9.825,18.402,12.352,23.135
1442,1797,121214.05,D2B6F1,HF,F,12/13/2013,12/15/2014,Harvest,367,83.04,2.6111,5.1486,10.6,3.144,15.7486,18.965,18.360,22.109
1561,1561,012615.23,BXD75,HF,F,01/28/2014,01/30/2015,Harvest,367,31.09,0.543,0.294,0.932,1.747,1.226,3.943,1.769,5.690
1562,1562,012615.24,BXD75,HF,F,01/28/2014,01/30/2015,Harvest,367,27.31,0.463,0.302,0.94,1.695,1.242,4.548,1.705,6.243
1200,1200,042314.05,BXD64,HF,F,04/22/2013,04/23/2014,Harvest,366,59.23,2.3601,2.7823,11.2481,3.985,14.0304,23.688,16.391,27.673
1201,1201,042314.06,BXD64,HF,F,04/22/2013,04/23/2014,Harvest,366,56.15,1.7425,2.3664,11.145,3.103,13.5114,24.063,15.254,27.166
1497,1916,121214.06,BXD102,HF,F,12/14/2013,12/15/2014,Harvest,366,36.26,0.9874,1.0197,2.0033,2.723,3.023,8.337,4.010,11.060
1498,1498,121214.07,BXD102,HF,F,12/14/2013,12/15/2014,Harvest,366,37.86,0.9912,1.1551,2.8446,2.618,3.9997,10.564,4.991,13.183
595,595,021113.05,BXD32,HF,F,02/12/2012,02/11/2013,Harvest,365,41.203,0.6321,0.583,2.289,1.534,2.872,6.970,3.504,8.504
596,596,021113.06,BXD32,HF,F,02/12/2012,02/11/2013,Harvest,365,39.01,0.8932,1.7715,2.3817,2.290,4.1532,10.647,5.046,12.936
856,856,021313.31,BXD95,HF,F,02/14/2012,02/12/2013,Harvest,364,53.61,1.4126,2.7738,9.9089,2.635,12.6827,23.657,14.095,26.292
857,857,021313.32,BXD95,HF,F,02/14/2012,02/12/2013,Harvest,364,41.86,1.015,2.4482,4.0815,2.425,6.5297,15.599,7.545,18.024
1233,1233,042314.13,B6D2F1,HF,F,04/24/2013,04/23/2014,Harvest,364,78.65,3.3432,4.819,12.19,4.251,17.009,21.626,20.352,25.877
1234,1303,042314.14,B6D2F1,HF,F,04/24/2013,04/23/2014,Harvest,364,53.18,1.9566,1.9125,6.8229,3.679,8.7354,16.426,10.692,20.105
2148,2148,121615.01,BXD61,HF,F,12/17/2014,12/16/2015,Harvest,364,47.55,0.947,0.848,7.773,1.992,8.621,18.130,9.568,20.122
2149,2149,121615.02,BXD61,HF,F,12/17/2014,12/16/2015,Harvest,364,49.82,0.891,1.526,8.539,1.788,10.065,20.203,10.956,21.991
465,465,090612.03,BXD101,HF,F,09/09/2011,09/06/2012,Harvest,363,52.6,2.995,2.223,6.661,5.694,8.884,16.890,11.879,22.584
466,466,090612.04,BXD101,HF,F,09/09/2011,09/06/2012,Harvest,363,36.7,1.048,0.545,3.526,2.856,4.071,11.093,5.119,13.948
1192,1192,042314.03,BXD100,HF,F,04/25/2013,04/23/2014,Harvest,363,59.97,2.5298,2.559,8.3314,4.218,10.8904,18.160,13.420,22.378
1193,1193,042314.04,BXD100,HF,F,04/25/2013,04/23/2014,Harvest,363,82.47,3.7992,5.556,16.534,4.607,22.09,26.785,25.889,31.392
1694,1750,042415.09,BXD102,HF,F,04/26/2014,04/24/2015,Harvest,363,50.52,1.4764,1.6604,6.6198,2.922,8.2802,16.390,9.757,19.312
272,272,090512.05,BXD34,HF,F,09/10/2011,09/05/2012,Harvest,361,57.5,2.603,0.98,8.172,4.527,9.152,15.917,11.755,20.443
274,274,090512.06,BXD34,HF,F,09/10/2011,09/05/2012,Harvest,361,74.3,3.645,1.913,13.659,4.906,15.572,20.958,19.217,25.864
531,531,021313.37,DBA/2J,HF,F,02/17/2012,02/12/2013,Harvest,361,29.04,0.2426,0.4145,1.6976,0.835,2.1121,7.273,2.355,8.108
532,532,021313.38,DBA/2J,HF,F,02/17/2012,02/12/2013,Harvest,361,33.79,0.5286,1.0233,2.6336,1.564,3.6569,10.822,4.186,12.387
1447,1447,121214.11,BXD73,HF,F,12/19/2013,12/15/2014,Harvest,361,31.99,0.5236,0.7252,1.4854,1.637,2.2106,6.910,2.734,8.547
1448,1448,121214.12,BXD73,HF,F,12/19/2013,12/15/2014,Harvest,361,31.01,0.7169,0.8865,1.9324,2.312,2.8189,9.090,3.536,11.402
1467,1918,012615.21,BXD50,HF,F,02/03/2014,01/30/2015,Harvest,361,35.59,0.994,0.885,0.3066,2.793,1.1916,3.348,2.186,6.141
1468,1919,012615.22,BXD50,HF,F,02/03/2014,01/30/2015,Harvest,361,31.34,0.742,0.56,1.55,2.368,2.11,6.733,2.852,9.100
628,628,021313.33,BXD98,HF,F,02/18/2012,02/12/2013,Harvest,360,47.98,1.1512,3.1791,4.6575,2.399,7.8366,16.333,8.988,18.732
629,629,021313.34,BXD98,HF,F,02/18/2012,02/12/2013,Harvest,360,43.17,0.9759,2.3628,2.8287,2.261,5.1915,12.026,6.167,14.286
1062,1062,042214.09,BXD48,HF,F,04/27/2013,04/22/2014,Harvest,360,56.2,1.8742,2.447,3.2166,3.335,5.6636,10.078,7.538,13.412
1063,1063,042214.10,BXD48,HF,F,04/27/2013,04/22/2014,Harvest,360,62.64,2.165,4.474,4.474,3.456,8.948,14.285,11.113,17.741
1090,1090,042214.13,BXD86,HF,F,04/27/2013,04/22/2014,Harvest,360,52.67,1.665,3.842,3.119,3.161,6.961,13.216,8.626,16.377
1091,1091,042214.14,BXD86,HF,F,04/27/2013,04/22/2014,Harvest,360,51.18,1.2113,3.49,4.396,2.367,7.886,15.408,9.097,17.775
221,221,090512.07,BXD66,HF,F,09/12/2011,09/05/2012,Harvest,359,48.4,3.176,0.943,6.474,6.562,7.417,15.324,10.593,21.886
223,223,090512.08,BXD66,HF,F,09/12/2011,09/05/2012,Harvest,359,57.1,2.967,1.6,8.449,5.196,10.049,17.599,13.016,22.795
547,547,021313.29,BXD87,HF,F,02/19/2012,02/12/2013,Harvest,359,38.47,0.8219,1.7853,3.3861,2.136,5.1714,13.443,5.993,15.579
548,548,021313.30,BXD87,HF,F,02/19/2012,02/12/2013,Harvest,359,27.03,0.289,0.6392,1.7131,1.069,2.3523,8.703,2.641,9.772
1593,1593,121214.13,BXD40,HF,F,12/22/2013,12/15/2014,Harvest,358,30.05,0.7304,0.8524,1.4165,2.431,2.2689,7.550,2.999,9.981
1594,1594,121214.14,BXD40,HF,F,12/22/2013,12/15/2014,Harvest,358,34.11,0.982,1.2467,2.3381,2.879,3.5848,10.510,4.567,13.388
598,598,021113.11,BXD51,HF,F,02/20/2012,02/11/2013,Harvest,357,49.33,1.2457,3.144,4.4672,2.525,7.6112,15.429,8.857,17.954
600,600,021113.12,BXD51,HF,F,02/20/2012,02/11/2013,Harvest,357,69.04,1.7332,6.3422,6.7366,2.510,13.0788,18.944,14.812,21.454
1508,1928,121214.17,BXD70,HF,F,12/23/2013,12/15/2014,Harvest,357,59.73,1.7886,4.6927,8.3014,2.994,12.9941,21.755,14.783,24.749
1509,1509,121214.18,BXD70,HF,F,12/23/2013,12/15/2014,Harvest,357,55.89,1.5102,2.8424,6.6852,2.702,9.5276,17.047,11.038,19.749
214,214,090612.01,BXD48a,HF,F,09/17/2011,09/06/2012,Harvest,355,32.4,0.446,0.683,0.476,1.377,1.159,3.577,1.605,4.954
145,145,090512.11,BXD77,HF,F,09/18/2011,09/05/2012,Harvest,353,33.9,0.5938,1.7839,0.969,1.752,2.7529,8.121,3.347,9.872
147,147,090512.12,BXD77,HF,F,09/18/2011,09/05/2012,Harvest,353,43.5,1.9717,3.0975,3.9029,4.533,7.0004,16.093,8.972,20.626
1696,1696,042415.14,BXD102,HF,F,05/06/2014,04/24/2015,Harvest,353,29.23,0.4967,0.3283,1.5533,1.699,1.8816,6.437,2.378,8.137
178,178,090512.15,BXD89,HF,F,09/19/2011,09/05/2012,Harvest,352,29.4,1.251,2.204,0.8918,4.255,3.0958,10.530,4.347,14.785
179,179,090512.16,BXD89,HF,F,09/19/2011,09/05/2012,Harvest,352,38.6,1.601,1.152,4.758,4.148,5.91,15.311,7.511,19.459
216,216,090612.02,BXD48a,HF,F,09/21/2011,09/06/2012,Harvest,351,45.3,1.98,0.91,2.93,4.371,3.84,8.477,5.820,12.848
521,521,021313.35,C57BL/6J,HF,F,02/27/2012,02/12/2013,Harvest,351,54.46,1.4152,1.9573,5.3882,2.599,7.3455,13.488,8.761,16.086
522,522,021313.36,C57BL/6J,HF,F,02/27/2012,02/12/2013,Harvest,351,25.95,0.1455,0.3233,0.4854,0.561,0.8087,3.116,0.954,3.677
1362,1362,111414.15,BXD102,HF,F,11/28/2013,11/14/2014,Harvest,351,43.07,1.4604,1.2478,3.34,3.391,4.5878,10.652,6.048,14.043
1473,1473,121214.21,BXD39,HF,F,12/30/2013,12/15/2014,Harvest,350,52.66,1.5601,1.7433,0.3193,2.963,2.0626,3.917,3.623,6.879
1474,1474,121214.22,BXD39,HF,F,12/30/2013,12/15/2014,Harvest,350,41.25,1.4796,1.1666,2.1528,3.587,3.3194,8.047,4.799,11.634
2160,2160,121515.16,BXD45,HF,F,12/30/2014,12/15/2015,Harvest,350,27.27,0.2,0.335,0.889,0.733,1.224,4.488,1.424,5.222
2161,2161,121515.17,BXD45,HF,F,12/30/2014,12/15/2015,Harvest,350,33.22,0.502,0.488,1.922,1.511,2.41,7.255,2.912,8.766
368,368,090512.02,BXD9,HF,F,09/22/2011,09/05/2012,Harvest,349,66.7,3.965,0.724,9.864,5.945,10.588,15.874,14.553,21.819
1420,1420,111314.01,BXD101,HF,F,11/30/2013,11/13/2014,Harvest,348,54.56,1.8919,1.6455,7.5115,3.468,9.157,16.783,11.049,20.251
370,370,090512.01,BXD9,HF,F,09/24/2011,09/05/2012,Harvest,347,58.3,3.093,2.12,9.864,5.305,11.984,20.556,15.077,25.861
574,574,021213.17,BXD69,HF,F,03/02/2012,02/12/2013,Harvest,347,40.13,1.1188,1.674,2.9865,2.788,4.6605,11.614,5.779,14.401
575,575,021213.18,BXD69,HF,F,03/02/2012,02/12/2013,Harvest,347,44.56,0.6778,1.6603,2.4162,1.521,4.0765,9.148,4.754,10.669
1416,1416,121214.26,BXD63,HF,F,01/05/2014,12/15/2014,Harvest,344,53.03,1.5415,2.2917,6.248,2.907,8.5397,16.104,10.081,19.010
1415,1751,121214.27,BXD63,HF,F,01/05/2014,12/15/2014,Harvest,344,59.91,1.5485,3.595,7.5682,2.585,11.1632,18.633,12.712,21.218
701,701,021213.15,BXD62,HF,F,03/06/2012,02/12/2013,Harvest,343,35.15,0.3664,0.6556,2.7796,1.042,3.4352,9.773,3.802,10.815
702,702,021213.16,BXD62,HF,F,03/06/2012,02/12/2013,Harvest,343,35.07,0.4455,1.7208,2.6588,1.270,4.3796,12.488,4.825,13.758
559,559,021213.23,BXD84,HF,F,03/06/2012,02/12/2013,Harvest,343,46.1,0.8627,1.445,3.9056,1.871,5.3506,11.607,6.213,13.478
560,560,021213.24,BXD84,HF,F,03/06/2012,02/12/2013,Harvest,343,43.14,0.9015,1.3496,3.8725,2.090,5.2221,12.105,6.124,14.195
1097,1097,010614.21,BXD90,HF,F,01/28/2013,01/06/2014,Harvest,343,45.43,1.7687,1.876,3.77,3.893,5.646,12.428,7.415,16.321
1098,1098,010614.22,BXD90,HF,F,01/28/2013,01/06/2014,Harvest,343,65.56,3.741,3.453,8.2263,5.706,11.6793,17.815,15.420,23.521
1531,1531,111314.02,BXD29,HF,F,12/15/2013,11/13/2014,Harvest,333,38.32,1.714,0.4577,2.7374,4.473,3.1951,8.338,4.909,12.811
1538,1538,121214.30,BXD24,HF,F,02/06/2014,12/15/2014,Harvest,312,42.67,1.1272,1.916,5.0778,2.642,6.9938,16.390,8.121,19.032
1428,1781,111314.08,BXD79,HF,F,01/14/2014,11/13/2014,Harvest,303,39.86,0.7817,1.5056,5.8111,1.961,7.3167,18.356,8.098,20.317
1407,1407,111314.07,BXD65b,HF,F,01/15/2014,11/13/2014,Harvest,302,50,1.3853,1.3477,4.9015,2.771,6.2492,12.498,7.635,15.269
1488,1488,111314.05,BXD40,HF,F,01/26/2014,11/13/2014,Harvest,291,35.89,1.9724,0.9923,2.5727,5.496,3.565,9.933,5.537,15.429
1481,1481,111314.04,BXD40,HF,F,02/02/2014,11/13/2014,Harvest,284,37.43,1.1925,0.7761,2.1415,3.186,2.9176,7.795,4.110,10.981
1862,1862,042015.04,BXD73,HF,F,08/04/2014,04/20/2015,Harvest,259,23.8,0.15,0.054,0.426,0.630,0.48,2.017,0.630,2.647
176,176,051112.01,BXD89,HF,F,09/11/2011,05/11/2012,Harvest,243,36.39,0.6535,0.1102,1.614,1.796,1.7242,4.738,2.378,6.534
177,177,051112.02,BXD89,HF,F,09/11/2011,05/11/2012,Harvest,243,34.21,0.544,0.442,0.927,1.590,1.369,4.002,1.913,5.592
241,241,051012.13,BXD87,HF,F,09/12/2011,05/10/2012,Harvest,241,27.66,0.456,0.179,0.57,1.649,0.749,2.708,1.205,4.356
243,243,051012.14,BXD87,HF,F,09/12/2011,05/10/2012,Harvest,241,34.91,0.643,0.224,0.733,1.842,0.957,2.741,1.600,4.583
1824,1824,042015.09,BXD44,HF,F,08/23/2014,04/20/2015,Harvest,240,56.7,2.733,0.743,5.71,4.820,6.453,11.381,9.186,16.201
1825,1825,042015.10,BXD44,HF,F,08/23/2014,04/20/2015,Harvest,240,44.49,2.092,0.212,2.977,4.702,3.189,7.168,5.281,11.870
186,186,051012.07,BXD70,HF,F,09/14/2011,05/10/2012,Harvest,239,54.72,1.41,0.814,2.08,2.577,2.894,5.289,4.304,7.865
188,188,051012.08,BXD70,HF,F,09/14/2011,05/10/2012,Harvest,239,52.18,1.341,0.747,1.8,2.570,2.547,4.881,3.888,7.451
237,237,051012.11,BXD81,HF,F,09/16/2011,05/10/2012,Harvest,237,24.53,0.411,0.312,0.55,1.675,0.862,3.514,1.273,5.190
239,239,051012.12,BXD81,HF,F,09/16/2011,05/10/2012,Harvest,237,21.75,0.233,0.234,0.487,1.071,0.721,3.315,0.954,4.386
181,181,051112.13,BXD73b,HF,F,09/17/2011,05/11/2012,Harvest,237,26.83,0.3302,0.1961,0.5355,1.231,0.7316,2.727,1.062,3.958
183,183,051112.14,BXD73b,HF,F,09/17/2011,05/11/2012,Harvest,237,37.48,0.8111,0.2421,1.089,2.164,1.3311,3.551,2.142,5.716
244,244,050912.05,BXD43,HF,F,09/16/2011,05/09/2012,Harvest,236,23.75,0.258,0.096,0.783,1.086,0.879,3.701,1.137,4.787
246,246,050912.06,BXD43,HF,F,09/16/2011,05/09/2012,Harvest,236,37.06,0.945,0.59,1.96,2.550,2.55,6.881,3.495,9.431
218,218,050912.09,BXD61,HF,F,09/19/2011,05/09/2012,Harvest,233,35.148,0.595,0.246,1.131,1.693,1.377,3.918,1.972,5.611
219,219,050912.10,BXD61,HF,F,09/19/2011,05/09/2012,Harvest,233,32.88,0.403,0.328,0.386,1.226,0.714,2.172,1.117,3.397
208,208,051112.03,BXD48a,HF,F,09/21/2011,05/11/2012,Harvest,233,38.37,0.66,0.323,0.836,1.720,1.159,3.021,1.819,4.741
210,210,051112.04,BXD48a,HF,F,09/21/2011,05/11/2012,Harvest,233,41.76,0.992,0.113,1.136,2.375,1.249,2.991,2.241,5.366
458,458,051012.01,BXD65,HF,F,09/23/2011,05/10/2012,Harvest,230,44.34,0.716,0.447,1.573,1.615,2.02,4.556,2.736,6.171
459,459,051012.02,BXD65,HF,F,09/23/2011,05/10/2012,Harvest,230,42.96,0.789,0.218,1.95,1.837,2.168,5.047,2.957,6.883
1093,1093,101613.19,BXD90,HF,F,03/12/2013,10/16/2013,Harvest,218,42.16,2.386,1.387,2.757,5.659,4.144,9.829,6.530,15.489
1094,1094,101613.20,BXD90,HF,F,03/12/2013,10/16/2013,Harvest,218,36.36,2.025,1.49,2.391,5.569,3.881,10.674,5.906,16.243
474,474,050912.11,BXD63,HF,F,10/06/2011,05/09/2012,Harvest,216,33.401,0.585,0.363,1.07,1.751,1.433,4.290,2.018,6.042
475,475,050912.12,BXD63,HF,F,10/06/2011,05/09/2012,Harvest,216,34.96,0.751,0.411,0.765,2.148,1.176,3.364,1.927,5.512
1225,1302,101713.15,B6D2F1,HF,F,03/15/2013,10/17/2013,Harvest,216,43.59,1.602,1.501,4.232,3.675,5.733,13.152,7.335,16.827
1226,1295,101713.16,B6D2F1,HF,F,03/15/2013,10/17/2013,Harvest,216,34.72,0.836,0.843,2.54,2.408,3.383,9.744,4.219,12.151
1149,1149,101713.19,D2B6F1,HF,F,03/17/2013,10/17/2013,Harvest,214,56.73,1.976,1.762,5.59,3.483,7.352,12.960,9.328,16.443
1150,1150,101713.20,D2B6F1,HF,F,03/17/2013,10/17/2013,Harvest,214,58.36,1.771,2.567,5.83,3.035,8.397,14.388,10.168,17.423
1275,1275,101613.21,BXD95,HF,F,03/17/2013,10/16/2013,Harvest,213,41.1,1.567,1.411,2.14,3.813,3.551,8.640,5.118,12.453
1276,1276,101613.22,BXD95,HF,F,03/17/2013,10/16/2013,Harvest,213,43.35,1.505,1.736,3.73,3.472,5.466,12.609,6.971,16.081
1144,1144,101713.11,DBA/2J,HF,F,03/19/2013,10/17/2013,Harvest,212,38.91,1.425,1.003,3.48,3.662,4.483,11.521,5.908,15.184
1145,1145,101713.12,DBA/2J,HF,F,03/19/2013,10/17/2013,Harvest,212,37.29,1.253,1.055,3.151,3.360,4.206,11.279,5.459,14.639
1181,1181,101513.11,BXD51,HF,F,03/18/2013,10/15/2013,Harvest,211,37.65,0.81,1.259,3.106,2.151,4.365,11.594,5.175,13.745
1182,1182,101513.12,BXD51,HF,F,03/18/2013,10/15/2013,Harvest,211,31.97,0.656,2.2,1.398,2.052,3.598,11.254,4.254,13.306
1087,1087,101613.09,BXD69,HF,F,03/20/2013,10/16/2013,Harvest,210,42.13,1.266,1.664,3.422,3.005,5.086,12.072,6.352,15.077
1088,1281,101613.10,BXD69,HF,F,03/20/2013,10/16/2013,Harvest,210,42.33,0.948,1.15,3.44,2.240,4.59,10.843,5.538,13.083
1260,1293,101713.07,C57BL/6J,HF,F,03/24/2013,10/17/2013,Harvest,207,36.13,1.036,1.205,2.327,2.867,3.532,9.776,4.568,12.643
1261,1301,101713.08,C57BL/6J,HF,F,03/24/2013,10/17/2013,Harvest,207,31.83,0.766,0.897,1.499,2.407,2.396,7.527,3.162,9.934
2071,2071,042015.18,BXD73,HF,F,09/26/2014,04/20/2015,Harvest,206,24.28,0.2182,0.0531,0.4822,0.899,0.5353,2.205,0.754,3.103
1070,1070,101613.07,BXD68,HF,F,03/29/2013,10/16/2013,Harvest,201,30.23,0.712,0.547,1.31,2.355,1.857,6.143,2.569,8.498
1071,1071,101613.08,BXD34,HF,F,03/29/2013,10/16/2013,Harvest,201,35.42,1.411,0.967,1.956,3.984,2.923,8.252,4.334,12.236
2030,2030,042015.20,BXD32,HF,F,10/02/2014,04/20/2015,Harvest,200,30.9,0.4621,0.0993,0.9884,1.495,1.0877,3.520,1.550,5.016
2031,2031,042015.21,BXD32,HF,F,10/02/2014,04/20/2015,Harvest,200,35.7,0.8094,0.1635,1.8648,2.267,2.0283,5.682,2.838,7.949
624,624,090612.11,BXD74,HF,F,02/22/2012,09/06/2012,Harvest,197,31.8,0.6778,1.139,0.766,2.131,1.905,5.991,2.583,8.122
623,623,090612.12,BXD74,HF,F,02/22/2012,09/06/2012,Harvest,197,30.5,0.881,0.7095,1.8995,2.889,2.609,8.554,3.490,11.443
1055,1055,101513.03,BXD34,HF,F,04/01/2013,10/15/2013,Harvest,197,49.46,1.761,2.61,3.977,3.560,6.587,13.318,8.348,16.878
1056,1056,101513.04,BXD34,HF,F,04/01/2013,10/15/2013,Harvest,197,56.92,1.947,2.877,4.613,3.421,7.49,13.159,9.437,16.579
2056,2056,042415.01,BXD49,HF,F,10/16/2014,04/24/2015,Harvest,190,28.43,0.206,0.223,0.579,0.725,0.802,2.821,1.008,3.546
2057,2057,042415.02,BXD49,HF,F,10/16/2014,04/24/2015,Harvest,190,29.81,0.4203,0.0963,1.2078,1.410,1.3041,4.375,1.724,5.785
2046,2046,042015.24,BXD48,HF,F,10/13/2014,04/20/2015,Harvest,189,41.8,0.8299,0.0986,2.0358,1.985,2.1344,5.106,2.964,7.092
1721,1922,111414.03,BXD61,HF,F,05/10/2014,11/14/2014,Harvest,188,35.66,0.8388,0.5014,2.5109,2.352,3.0123,8.447,3.851,10.799
1722,1722,111414.04,BXD61,HF,F,05/10/2014,11/14/2014,Harvest,188,38.92,0.6958,0.8452,3.2383,1.788,4.0835,10.492,4.779,12.280
2053,2053,042015.26,BXD48,HF,F,10/14/2014,04/20/2015,Harvest,188,25.7,0.157,0.0352,0.3767,0.611,0.4119,1.603,0.569,2.214
1707,1707,111414.07,BXD65,HF,F,05/11/2014,11/14/2014,Harvest,187,45.88,1.1201,1.1958,3.3863,2.441,4.5821,9.987,5.702,12.429
1708,1708,111414.08,BXD65b,HF,F,05/11/2014,11/14/2014,Harvest,187,45.88,1.4885,1.9365,3.4341,3.244,5.3706,11.706,6.859,14.950
1715,1715,111414.09,BXD63,HF,F,05/12/2014,11/14/2014,Harvest,186,38.44,1.2419,1.4271,3.0868,3.231,4.5139,11.743,5.756,14.973
1716,1716,111414.10,BXD63,HF,F,05/12/2014,11/14/2014,Harvest,186,42.04,0.2524,0.1785,0.2218,0.600,0.4003,0.952,0.653,1.553
2124,2124,042415.05,BXD66,HF,F,10/22/2014,04/24/2015,Harvest,184,36.52,1.2754,0.8611,2.3664,3.492,3.2275,8.838,4.503,12.330
2125,2125,042415.06,BXD66,HF,F,10/22/2014,04/24/2015,Harvest,184,36.85,1.0152,0.6347,2.3214,2.755,2.9561,8.022,3.971,10.777
1360,1360,052814.03,BXD102,HF,F,11/28/2013,05/30/2014,Harvest,183,31.99,0.9555,0.8699,1.9768,2.987,2.8467,8.899,3.802,11.886
1361,1361,052814.04,BXD102,HF,F,11/28/2013,05/30/2014,Harvest,183,23.93,0.555,0.3693,0.8671,2.319,1.2364,5.167,1.791,7.486
1355,1355,050914.05,BXD99,HF,F,11/08/2013,05/09/2014,Harvest,182,36.29,1.1064,1.509,2.341,3.049,3.85,10.609,4.956,13.658
1356,1356,050914.06,BXD99,HF,F,11/08/2013,05/09/2014,Harvest,182,29.59,0.845,0.874,1.408,2.856,2.282,7.712,3.127,10.568
1681,1681,102414.06,C57BL/6J,HF,F,04/25/2014,10/24/2014,Harvest,182,30.89,0.837,0.709,2.017,2.710,2.726,8.825,3.563,11.534
1682,1682,102414.07,C57BL/6J,HF,F,04/25/2014,10/24/2014,Harvest,182,31.34,0.675,0.713,1.591,2.154,2.304,7.352,2.979,9.505
2349,2349,121515.05,BXD29,HF,F,06/16/2015,12/15/2015,Harvest,182,29.07,0.232,0.385,1.407,0.798,1.792,6.164,2.024,6.963
2350,2350,121515.06,BXD29,HF,F,06/16/2015,12/15/2015,Harvest,182,30.74,0.237,0.501,1.862,0.771,2.363,7.687,2.600,8.458
1688,1688,102414.10,BXD40,HF,F,04/27/2014,10/24/2014,Harvest,180,38.27,1.182,1.313,2.982,3.089,4.295,11.223,5.477,14.311
1689,1689,102414.11,BXD40,HF,F,04/27/2014,10/24/2014,Harvest,180,42.33,1.9,1.32,3.181,4.489,4.501,10.633,6.401,15.122
1683,1683,102414.13,BXD79,HF,F,04/30/2014,10/24/2014,Harvest,177,38.03,0.902,1.606,4.935,2.372,6.541,17.200,7.443,19.571
1684,1684,102414.14,BXD79,HF,F,04/30/2014,10/24/2014,Harvest,177,43.95,0.616,0.854,3.463,1.402,4.317,9.823,4.933,11.224
2084,2084,042415.11,BXD100,HF,F,10/30/2014,04/24/2015,Harvest,176,38.45,0.9156,0.4797,2.1551,2.381,2.6348,6.853,3.550,9.234
2085,2085,042415.12,BXD100,HF,F,10/30/2014,04/24/2015,Harvest,176,33.57,0.7751,0.4726,1.4508,2.309,1.9234,5.730,2.699,8.038
1687,1687,102414.12,BXD44,HF,F,05/03/2014,10/24/2014,Harvest,174,31.53,0.965,0.755,3.538,3.061,4.293,13.616,5.258,16.676
1712,1712,102414.17,BXD65b,HF,F,05/03/2014,10/24/2014,Harvest,174,45.76,1.2752,1.323,4.41,2.787,5.733,12.528,7.008,15.315
1713,1713,102414.18,BXD65,HF,F,05/03/2014,10/24/2014,Harvest,174,38.95,1.3893,0.7372,5.6148,3.567,6.352,16.308,7.741,19.875
1733,1733,111414.16,BXD79,HF,F,05/27/2014,11/14/2014,Harvest,171,37.88,0.1704,1.4783,3.7442,0.450,5.2225,13.787,5.393,14.237