Eartag,StrainNameCurrent,DietCode,Sex,AgeAtDeath,C-peptide,Insulin,Leptin,GIP (total),IL-6,MCP-1/CCL-2,Secretin,PP,PYY,Resistin,TNF-alpha,HOMA-IR,BodyWeight,MeanLifespan,Plate
1228,B6D2F1,CD,F,726,99.66,258.209,3075.388,192.449,NA,NA,NA,NA,NA,4160.814,16.807,2.417,43.79,921,2
1568,B6D2F1,CD,F,552,148.665,1757.438,4451.015,320.914,NA,NA,14.844,24.037,52.365,3710.039,NA,14.045,28.41,921,2
1569,B6D2F1,CD,F,552,401.241,916.312,6866.49,163.239,62.973,95.957,49.623,24.037,128.879,10470.052,5.466,9.698,27,921,2
1227,B6D2F1,CD,F,640,1142.281,1469.663,234.456,66.438,8943.593,816.132,6.537,29.039,14.029,18504.092,146.808,5.926,45.94,921,2
1222,B6D2F1,CD,F,364,973.383,1224.509,6852.473,99.075,157.219,64.585,8.508,NA,29.788,9803.354,0.088,8.728,33.03,921,4
1232,B6D2F1,CD,F,364,1523.284,1889.892,9323.735,127.731,NA,155.868,5.922,NA,29.788,13048.181,NA,13.335,46.4,921,4
1223,B6D2F1,CD,F,216,350.463,522.129,5566.785,51.9,2.226,69.963,6.868,NA,NA,7171.872,0.881,4.624,31.39,921,5
1224,B6D2F1,CD,F,216,1133.28,790.191,8969.223,28.229,NA,131.031,2.878,NA,NA,11468.295,1.351,7.112,32.5,921,5
1190,BXD100,CD,F,567,81.265,1385.324,8569.397,192.641,NA,NA,NA,75.397,89.991,3747.542,98.407,9.176,29.4,743,2
1313,BXD100,CD,F,628,613.662,1227.314,770.452,173.544,76.363,127.893,44.159,53.854,109.889,36555.201,20.343,7.865,28.35,743,2
1241,BXD100,CD,F,628,83.31,1455.807,48.978,330.097,80.731,NA,27.044,59.841,333.705,3126.756,165.937,6.184,29.22,743,2
1799,BXD100,CD,F,463,113.96,1337.138,339.194,16.204,NA,77.15,NA,NA,NA,6332.257,2.811,9.05,23.46,743,2
258,BXD100,CD,F,743,691.353,1898.263,502.764,31.614,896.271,10.829,8.508,34.71,158.729,16066.726,5.656,9.567,24.6,743,5
1213,BXD100,CD,F,374,NA,1017.479,6296.31,65.777,NA,NA,20.367,NA,58.465,11367.66,1.578,10.842,35.23,743,5
1297,BXD100,CD,F,374,228.721,268.818,2574.407,NA,NA,NA,3.833,NA,NA,3197.847,3.506,2.942,34.3,743,6
480,BXD100,CD,F,743,1082.248,2476.923,1062.824,191.288,60.053,NA,36.908,NA,119.564,16124.382,8.822,16.407,25.26,743,6
1296,BXD100,CD,F,537,352.791,1157.241,1464.506,67.363,NA,NA,40.815,NA,239.258,8805.405,8.157,10.082,31.39,743,6
2086,BXD100,CD,F,176,182.754,829.717,519.831,28.979,NA,NA,13.071,NA,57.435,12383.19,7.29,5.616,22.81,743,6
1184,BXD100,CD,F,537,1679.54,2960.647,14081.743,223.432,130.785,90.562,22.763,179.895,334.088,28758.663,38.691,27.498,36.5,743,1
1184,BXD100,CD,F,537,1679.54,2960.647,14081.743,223.432,130.785,90.562,22.763,179.895,334.088,28758.663,38.691,27.498,36.5,743,1
1426,BXD101,CD,F,513,124.17,2478.829,367.026,463.037,NA,601.9,NA,NA,NA,4472.585,29.31,19.632,25.56,713,2
1425,BXD101,CD,F,349,1040.894,1267.898,7897.573,96.567,146.43,95.957,23.005,22.269,61.954,22291.727,6.98,10.316,37.09,713,3
1424,BXD101,CD,F,349,2630.207,3427.871,6844.669,358.344,12.421,243.806,76.022,46.912,123.785,16423.834,15.909,43.191,35.51,713,3
800,BXD101,CD,F,738,358.515,841.437,1408.321,193.787,199.881,185.862,15.616,52.622,75.608,20033.183,35.713,4.241,22.94,713,3
1499,BXD102,CD,F,501,226.154,450.857,2520.465,320.914,NA,104.517,36.123,39.491,334.766,7374.76,40.574,2.402,26.74,856,2
231,BXD102,CD,F,354,152.746,329.77,4950.191,80.231,12.421,120.426,22.289,17.545,86.741,20929.132,NA,3.372,25.6,856,3
229,BXD102,CD,F,354,370.724,981.897,9816.075,147.206,71.949,54.771,81.86,48.848,168.947,28288.894,2.249,11.17,28.6,856,3
448,BXD102,CD,F,714,232.027,326.963,3900.639,5.781,6.512,99.776,1.854,14.657,24.504,4009.929,0.376,1.554,28,856,5
450,BXD102,CD,F,714,508.258,1056.098,4355.785,169.513,14.698,59.046,10.999,10.582,76.558,16578.251,3.079,7.224,24.95,856,5
1695,BXD102,CD,F,363,736.9,1839.179,2119.486,53.583,NA,NA,NA,NA,31.524,7444.726,2.471,6.091,36.65,856,6
1697,BXD102,CD,F,353,431.55,1289.67,1407.173,63.389,NA,NA,18.231,NA,79.747,15255.376,5.609,5.107,24.35,856,6
1363,BXD102,CD,F,183,766.714,601.591,1154.739,141.013,88.531,96.864,116.925,64.036,95.545,42524.127,24.647,4.418,20.23,856,1
1364,BXD102,CD,F,183,425.389,696.738,1154.739,99.842,46.21,77.223,154.376,94.659,170.485,51502.088,19.941,7.374,20.34,856,1
1363,BXD102,CD,F,183,766.714,601.591,1154.739,141.013,88.531,96.864,116.925,64.036,95.545,42524.127,24.647,4.418,20.23,856,1
1364,BXD102,CD,F,183,425.389,696.738,1154.739,99.842,46.21,77.223,154.376,94.659,170.485,51502.088,19.941,7.374,20.34,856,1
96,BXD11,CD,F,741,381.291,1178.158,849.286,1550.397,381.207,NA,38.589,56.204,266.226,18260.745,77.994,9.501,25.25,687,4
95,BXD11,CD,F,741,361.216,3431.311,2916.552,679.581,119.549,99.776,41.431,51.652,322.79,26068.556,15.45,29.894,23.2,687,4
1576,BXD13,CD,F,362,106.109,207.973,142.439,52.982,2452.818,201.757,19.949,145.265,178.957,19378.586,103.451,0.644,25.49,336,1
1333,BXD13,CD,F,362,325.2,985.094,300.277,67.086,179.021,54.568,95.864,183.305,2847.116,29268.947,117.542,9.788,19.1,336,1
1576,BXD13,CD,F,362,106.109,207.973,142.439,52.982,2452.818,201.757,19.949,145.265,178.957,19378.586,103.451,0.644,25.49,336,1
1333,BXD13,CD,F,362,325.2,985.094,300.277,67.086,179.021,54.568,95.864,183.305,2847.116,29268.947,117.542,9.788,19.1,336,1
1034,BXD24,CD,F,377,565.123,2186.395,1335.247,52.575,117.107,454.39,NA,NA,32.195,7963.821,8.728,NA,NA,696,6
1541,BXD24,CD,F,677,517.749,937.03,3096.515,196.834,35.702,NA,33.473,70.663,76.838,13811.67,6.998,NA,NA,696,7
1791,BXD24,CD,F,205,393.544,1304.538,497.811,40.049,88.531,84.028,5.978,90.916,55.325,34131.145,35.91,8.735,22.68,696,1
1792,BXD24,CD,F,205,576.571,1848.852,1170.481,1041.031,94.571,84.028,109.74,43.844,116.32,60492.691,19.746,14.11,21.53,696,1
1791,BXD24,CD,F,205,393.544,1304.538,497.811,40.049,88.531,84.028,5.978,90.916,55.325,34131.145,35.91,8.735,22.68,696,1
1792,BXD24,CD,F,205,576.571,1848.852,1170.481,1041.031,94.571,84.028,109.74,43.844,116.32,60492.691,19.746,14.11,21.53,696,1
778,BXD27,CD,F,226,567.949,721.009,1571.023,285.322,NA,23.346,19.378,40.883,105.094,18988.699,NA,6.178,23.9,758,3
777,BXD27,CD,F,226,1249.72,1524.333,3501.967,264.433,53.761,41.056,38.566,36.641,149.609,16069.701,NA,13.06,24.92,758,3
1044,BXD29,CD,F,724,834.977,1694.6,59.665,7879.656,169.677,86.879,83.978,112.076,659.879,36160.436,124.215,11.957,21.33,819,2
1045,BXD29,CD,F,724,302.539,2169.257,314.126,380.434,677.816,95.957,87.63,77.503,109.889,8035.853,107.211,17.961,24.23,819,2
1041,BXD29,CD,F,574,289.304,1056.219,17981.596,157.323,53.761,161.756,16.381,68.919,124.557,10035.325,13.637,7.148,29.02,819,2
1288,BXD29,CD,F,630,3628.573,4408.099,3416.606,111.603,12.421,155.367,4.17,78.546,80.633,13195.316,9.421,28.564,28.62,819,2
1040,BXD29,CD,F,574,79.221,952.417,4733.366,138.802,NA,557.148,35.302,96.428,83.051,2040.461,4.429,5.76,29.58,819,2
1800,BXD29,CD,F,478,109.875,283.242,717.465,73.558,23.884,405.953,15.231,40.883,51.304,13781.492,6.98,1.815,23.15,819,2
1521,BXD29,CD,F,431,323.916,828.575,7745.902,40.818,12.421,243.806,7.877,51.377,35.799,10187.869,5.466,6.92,29.48,819,3
770,BXD29,CD,F,225,277.085,487.036,461.387,344.591,NA,41.056,43.368,26.59,44.351,5453.74,NA,3.892,23.7,819,3
771,BXD29,CD,F,225,244.493,587.231,1100.45,640.624,34.353,NA,50.857,67.813,115.628,24306.439,3.899,6.088,24.7,819,3
773,BXD29,CD,F,385,47.48,500.809,459.059,148.49,79.41,128.89,48.204,22.353,87.257,12680.102,3.893,4.796,24.45,819,4
772,BXD29,CD,F,385,273.675,5698.823,882.535,365.571,26.562,151.828,24.133,35.789,63.766,10744.4,25.264,41.032,25.87,819,4
742,BXD29,CD,F,572,97.138,845.141,95.851,77.391,NA,265.347,24.736,50.122,51.125,10606.844,20.951,4.564,22.37,819,6
743,BXD29,CD,F,572,128.35,598.566,280.826,112.698,69.061,343.686,36.618,55.923,118.059,12990.566,11.432,3.577,22.71,819,6
88,BXD32,CD,F,742,79.454,1017.479,431.664,688.192,329.923,163.84,28.665,58.425,511.642,10765.003,27.085,8.132,22.3,784,4
87,BXD32,CD,F,742,1253.596,4848.277,5529.692,562.037,94.104,85.324,184.58,86.381,517.636,12427.706,24.307,45.031,24.95,784,4
2035,BXD32,CD,F,200,160.556,531.218,600.427,80.035,NA,NA,39.019,NA,51.645,6274.406,3.056,4.016,21.1,784,6
2034,BXD32,CD,F,200,781.776,1464.913,2246.414,52.213,NA,141.778,28.788,NA,134.275,10373.624,9.95,17.931,25.5,784,6
1801,BXD32,CD,F,517,608.683,1219.022,2354.282,254.2,6.695,NA,24.298,37.798,106.17,10060.46,6.705,NA,NA,784,7
1802,BXD32,CD,F,517,593.964,1157.241,2538.145,114.994,NA,NA,15.905,NA,56.944,4978.39,4.79,NA,NA,784,7
275,BXD34,CD,F,361,146.624,904.089,5530.383,539.8,34.353,161.756,22.468,38.078,144.225,16560.279,10.847,6.64,30.6,835,3
273,BXD34,CD,F,361,83.31,487.036,1799.324,225.182,89.348,155.367,14.063,16.535,59.242,10671.829,6.48,4.313,25.3,835,3
1054,BXD34,CD,F,201,1513.13,904.089,8309.152,16.204,12.421,185.862,0.838,18.531,NA,9478.458,9.421,6.705,33.54,835,3
765,BXD34,CD,F,554,368.689,866.818,1478.108,34.876,71.949,191.58,23.361,27.417,47.968,87997.805,5.466,4.119,25.92,835,3
288,BXD34,CD,F,748,425.289,2694.379,1356.598,91.682,2599.082,7994.811,13.662,18.316,112.223,16199.427,91.404,14.356,25.97,835,4
286,BXD34,CD,F,748,652.822,2165.061,2349.408,334.891,360.738,47.373,70.359,36.855,197.488,20872.087,22.38,12.783,29.05,835,4
766,BXD34,CD,F,554,557.502,1923.222,3675.42,135.073,45.776,338.505,40.981,14.657,143.496,22009.655,14.089,12.878,25.34,835,4
1048,BXD34,CD,F,209,371.802,1056.098,7507.683,70.744,NA,117.991,12.256,NA,59.812,7577.698,5.464,10.493,35.79,835,5
675,BXD39,CD,F,730,789.939,1529.479,672.075,160.647,233.026,194.501,30.283,37.91,70.1,15600.149,48.23,5.947,20.2,687,4
673,BXD39,CD,F,730,476.541,1178.158,228.997,193.607,133.962,209.209,26.174,53.492,94.514,20146.194,19.94,6.023,21.3,687,4
1322,BXD39,CD,F,550,885.88,658.443,257.103,280.719,233.237,77.223,86.787,120.335,131.56,23287.301,34.125,4.077,18.09,687,1
1322,BXD39,CD,F,550,885.88,658.443,257.103,280.719,233.237,77.223,86.787,120.335,131.56,23287.301,34.125,4.077,18.09,687,1
1483,BXD40,CD,F,284,81.265,775.895,290.844,11.554,NA,112.651,NA,NA,NA,2831.744,8.939,5.195,21.12,645,2
1482,BXD40,CD,F,451,307.629,538.514,4633.551,359.328,12.421,77.15,30.635,46.26,72.604,19585.224,7.967,3.334,25.95,645,3
1057,BXD40,CD,F,362,283.77,620.643,80.543,74.035,14.698,64.585,7.14,17.609,11.478,14327.136,7.905,3.62,22.59,645,4
1058,BXD40,CD,F,362,612.745,1480.147,3751.86,41.56,NA,205.567,7.14,17.609,45.537,10325.982,14.26,13.002,24.92,645,4
679,BXD40,CD,F,578,241.931,326.963,3070.678,111.534,NA,99.776,22.97,21.042,41.352,11832.689,5.656,2.142,26.33,645,5
680,BXD40,CD,F,578,279.31,478.821,6799.737,105.028,NA,64.585,7.14,NA,70.1,8086.045,5.464,3.413,29.13,645,5
1327,BXD40,CD,F,675,1121.456,1797.081,4816.373,192.317,NA,251.908,15.905,NA,143.842,15088.835,16.324,11.386,30.97,645,6
1691,BXD40,CD,F,,1321.917,1634.496,3948.733,45.996,15.903,136.365,39.726,75.717,107.948,29785.586,22.095,14.122,22.54,645,1
1688,BXD40,CD,F,180,1370.246,1555.186,32137.174,154.703,37.127,268.803,16.206,75.717,128.406,60201.065,22.487,10.302,38.27,478,1
1691,BXD40,CD,F,180,1321.917,1634.496,3948.733,45.996,15.903,136.365,39.726,75.717,107.948,29785.586,22.095,14.122,22.54,645,1
1688,BXD40,CD,F,180,1370.246,1555.186,32137.174,154.703,37.127,268.803,16.206,75.717,128.406,60201.065,22.487,10.302,38.27,478,1
2154,BXD43,CD,F,381,722.906,1106.464,2538.145,24.234,NA,NA,NA,NA,36.075,8320.883,3.726,NA,NA,728,7
2315,BXD43,CD,F,376,266.832,805.796,2383.627,55.643,NA,NA,11.026,NA,47.133,5353.803,3.395,NA,NA,728,7
1823,BXD44,CD,F,240,651.759,1057.863,1902.026,54.226,43.384,NA,14.894,NA,69.956,11286.953,13.985,8.988,21,537,6
1822,BXD44,CD,F,240,575.285,1137.302,2294.112,59.737,NA,NA,7.627,NA,39.743,8525.367,13.351,7.206,20.6,537,6
1504,BXD44,CD,F,379,519.237,1699.99,11616.271,356.709,106.646,70.097,47.298,94.659,1443.516,51892.731,37.101,17.381,24.08,537,1
1505,BXD44,CD,F,379,594.034,1156.889,7493.882,39.555,82.49,604.798,22.294,87.152,129.669,13683.68,33.332,8.913,22.04,537,1
1504,BXD44,CD,F,379,519.237,1699.99,11616.271,356.709,106.646,70.097,47.298,94.659,1443.516,51892.731,37.101,17.381,24.08,537,1
1505,BXD44,CD,F,379,594.034,1156.889,7493.882,39.555,82.49,604.798,22.294,87.152,129.669,13683.68,33.332,8.913,22.04,537,1
1391,BXD45,CD,F,384,58.764,916.312,487.389,630.799,NA,54.771,14.649,NA,NA,4542.341,2.249,7.851,24.16,756,2
1762,BXD45,CD,F,384,62.857,602.944,950.695,1260.868,NA,NA,121.011,25.751,536.53,3663.894,7.476,4.775,23.47,756,2
1826,BXD45,CD,F,507,103.14,1285.408,813.829,158.386,14.902,NA,107.184,NA,397.539,4729.259,5.458,NA,NA,756,7
1827,BXD45,CD,F,507,254.543,531.218,942.38,53.511,NA,299.326,22.296,NA,34.807,3519.115,8.87,NA,NA,756,7
132,BXD48,CD,F,731,348.489,382.351,176.317,57.408,NA,27.56,1.353,16.891,40.273,1277.896,0.088,2.257,29.72,718,4
136,BXD48,CD,F,740,602.773,997.773,648.682,141.223,10.646,NA,26.905,16.891,78.52,19903.984,2.02,7.04,26.27,718,5
2054,BXD48,CD,F,188,617.95,1176.722,519.069,41.201,NA,NA,3.234,NA,160.793,17520.592,8.538,15.589,25.9,718,6
1835,BXD48,CD,F,518,378.137,484.133,1113.253,71.459,NA,NA,4.59,NA,64.321,4627.621,4.842,NA,NA,718,7
1913,BXD48,CD,F,518,148.934,335.072,522.114,41.118,38.312,NA,13.6,NA,56.203,15631.315,4.424,NA,NA,718,7
1188,BXD48a,CD,F,604,330.022,952.417,758.624,20.085,114.405,127.893,71.991,204.52,153.525,24178.531,22.083,3.566,23.87,676,2
1189,BXD48a,CD,F,604,77.176,940.473,1013.476,39.556,23.884,508.46,NA,3.603,NA,17174.218,10.375,5.959,27.02,676,2
1455,BXD48a,CD,F,436,211.887,1394.842,2243.173,354.411,NA,NA,29.617,46.26,125.07,16664.817,11.786,11.449,27.34,676,3
1454,BXD48a,CD,F,436,179.265,641.209,1316.189,108.142,12.421,NA,43.685,55.679,77.072,20498.583,7.967,4.848,25.83,676,3
2058,BXD49,CD,F,190,69.148,NA,551.61,46.927,NA,NA,19.065,NA,83.81,13462.61,20.597,NA,26.15,NA,6
2578,BXD49,CD,F,245,1262.105,2346.734,35799.204,734.67,40.156,120.259,193.39,482.334,704.466,106572.503,44.269,NA,NA,NA,1
2578,BXD49,CD,F,245,1262.105,2346.734,35799.204,734.67,40.156,120.259,193.39,482.334,704.466,106572.503,44.269,NA,NA,NA,1
704,BXD51,CD,F,348,142.273,NA,2584.572,308.155,14.698,109.015,20.079,NA,238.661,15642.392,12.712,NA,28.57,858,4
703,BXD51,CD,F,348,265.668,500.809,6309.534,297.181,NA,64.585,23.116,NA,271.104,10785.609,11.667,4.363,29.03,858,4
1518,BXD51,CD,F,705,524.909,1836.499,799.956,165.282,499.994,NA,25.605,NA,28.76,16717.117,4.894,NA,NA,858,7
854,BXD53,CD,F,718,71.04,946.456,8728.98,28.328,NA,142.055,33.981,24.037,131.878,19296.027,13.637,7.973,32.54,760,3
851,BXD53,CD,F,718,116.002,469.153,852.524,229.404,520.508,NA,102.14,83.677,356.231,18579.81,14.551,3.277,26.07,760,3
847,BXD53,CD,F,571,479.078,639.018,7306.697,5.512,10.646,165.812,1.602,NA,NA,5864.252,8.272,2.346,25.95,760,5
848,BXD53,CD,F,571,863.335,692.018,11919.069,87.458,45.776,34.591,31.462,NA,73.767,15773.403,1.8,8.122,35.47,760,5
762,BXD56,CD,F,218,134.378,1337.138,389.442,393.7,89.348,167.987,NA,NA,NA,6039.889,19.026,13.19,26.3,712,3
763,BXD56,CD,F,218,547.628,854.183,683.814,740.633,12.421,104.517,56.493,18.531,97.452,34183.204,10.375,8.979,25.2,712,3
171,BXD60,CD,F,530,145.726,1189.866,503.976,128.118,1665.554,310.427,2.363,29.092,69.272,18352.117,78.546,2.142,24.14,700,4
170,BXD60,CD,F,530,331.457,1601.42,10185.599,462.872,22.645,34.591,6.597,NA,150.925,14081.035,4.093,16.604,43.42,700,4
169,BXD60,CD,F,744,675.139,2036.776,3609.049,621.429,94.104,95.044,15.786,NA,20.896,11088.099,50.133,10.559,30.43,700,5
236,BXD60,CD,F,759,787.818,977.784,4426.159,151.729,141.138,247.959,7.686,NA,19.364,11575.884,38.863,5.21,26.37,700,5
1724,BXD61,CD,F,188,81.265,504.539,405.609,141.668,23.884,77.15,NA,NA,NA,1737.465,10.375,5.195,28.51,756,2
1770,BXD61,CD,F,188,103.746,999.337,1099.152,319.742,NA,155.367,NA,NA,NA,2260.672,13.177,10.793,29.63,756,2
1840,BXD61,CD,F,524,556.497,1152.301,5559.655,39.18,6.695,NA,13.731,NA,172.768,7033.781,7.677,NA,NA,756,7
1841,BXD61,CD,F,524,966.236,2350.365,4731.63,223.175,NA,NA,17.141,NA,119.063,8769.791,7.193,NA,NA,756,7
2145,BXD61,CD,F,345,285.592,903.229,NA,164.908,43.384,180.671,27.104,108.882,152.214,4441.893,13.804,NA,NA,756,7
2146,BXD61,CD,F,345,1178.124,2827.668,NA,122.911,1400.393,281.77,16.65,142.566,155.732,7617.723,6.458,NA,NA,756,7
1798,BXD62,CD,F,724,120.086,283.242,1969.018,85.698,154.243,435.114,82.001,62.164,163.44,16024.713,350.052,1.489,26.34,729,2
1478,BXD62,CD,F,376,257.735,928.439,3758.207,96.567,80.731,77.15,28.936,12.179,72.221,5280.174,13.177,5.214,22.71,729,2
1436,BXD62,CD,F,353,173.147,351.62,1540.935,35.733,12.421,54.771,12.476,3.603,NA,3473.677,135.742,1.038,23.07,729,2
1848,BXD62,CD,F,253,358.96,950.085,1825.212,57.531,6.695,NA,18.827,NA,89.33,7408.44,9.856,5.746,24.3,729,6
1847,BXD62,CD,F,253,411.437,572.979,1210.584,17.572,53.078,315.964,30.237,NA,152.803,9929.567,16.414,5.611,25,729,6
1844,BXD62,CD,F,525,678.106,2018.32,4268.469,94.191,18.325,NA,59.749,NA,106.347,12120.605,3.17,NA,NA,729,7
1206,BXD62,CD,F,548,403.045,654.137,639.697,138.387,112.683,108.883,71.052,56.084,125.242,19712.497,18.964,4.804,24.6,729,1
1206,BXD62,CD,F,548,403.045,654.137,639.697,138.387,112.683,108.883,71.052,56.084,125.242,19712.497,18.964,4.804,24.6,729,1
1414,BXD63,CD,F,344,782.206,2139.841,9853.076,125.031,53.761,712.926,NA,29.039,32.293,10617.599,12.252,20.491,38.15,754,2
1741,BXD63,CD,F,344,680.689,1164.903,7474.594,60.253,NA,565.71,28.251,36.641,NA,8029.66,9.421,5.871,29.24,754,2
818,BXD63,CD,F,218,470.386,1724.092,5407.542,1049.231,NA,197.19,66.75,22.269,44.351,7152.357,9.899,21.972,28.3,754,3
819,BXD63,CD,F,218,419.548,1033.688,11946.647,448.562,NA,319.181,18.638,36.641,68.687,16340.675,8.939,9.526,28.1,754,3
820,BXD63,CD,F,582,547.959,1787.272,3423.186,255.36,30.449,264.882,10.442,63.198,85.021,4506.297,39.541,12.354,23.12,754,4
821,BXD63,CD,F,582,518.913,1017.479,6700.817,157.807,10.646,75.203,17.211,29.672,67.181,8650.463,6.227,6.667,27.92,754,5
2092,BXD63,CD,F,752,326.847,559.552,969.163,287.961,NA,327.257,32.673,41.348,110.9,11461.504,6.36,NA,NA,754,7
1203,BXD64,CD,F,209,3974.248,692.018,3092.187,2.14,14.698,NA,1.353,NA,NA,1906.441,NA,0,23.1,NA,5
1204,BXD64,CD,F,209,352.431,700.57,1670.558,59.092,NA,NA,11.836,13.089,191.765,12358.423,4.49,5.851,21.69,NA,5
1199,BXD64,CD,F,550,66.596,222.062,99.529,178.536,644.932,151.552,23.702,127.526,583.966,32417.766,5834.444,0.576,51.29,NA,1
1199,BXD64,CD,F,550,66.596,222.062,99.529,178.536,644.932,151.552,23.702,127.526,583.966,32417.766,5834.444,0.576,51.29,NA,1
1720,BXD65,CD,F,181,99.66,1673.347,613.838,376.482,12.421,180.03,18.638,NA,NA,3896.213,12.252,15.181,24.56,875,2
1284,BXD65,CD,F,367,2124.523,2732.154,12100.197,281.254,18.327,174.075,16.761,18.531,NA,18831.878,2.249,29.114,40.71,875,3
1283,BXD65,CD,F,367,552.708,1660.519,11063.036,170.109,34.353,228.947,50.857,25.751,68.687,13946.715,5.466,15.901,33.63,875,3
807,BXD65,CD,F,711,2514.014,1548.896,1744.637,83.009,64.575,75.203,11.836,NA,6.956,11429.689,0.881,8.81,26.42,875,5
808,BXD65,CD,F,711,2314.466,2765.317,NA,227.809,86.772,179.398,NA,2172.784,1770.944,21092.534,7.721,23.494,32.48,875,5
2097,BXD65,CD,F,186,528.085,1367.325,1825.417,108.95,NA,149.888,42.217,NA,149.995,8249.946,6.161,11.814,26.51,875,6
2098,BXD65,CD,F,222,276.512,688.086,689.526,53.224,389.532,227.795,98.989,70.485,101.69,3758.517,5.811,6.787,23.8,875,6
1786,BXD65,CD,F,541,18.039,1333.334,16194.57,659.814,133.909,NA,35.056,NA,350.727,11278.271,13.804,NA,NA,875,7
1787,BXD65,CD,F,541,657.115,1977.245,4485.226,236.981,62.333,149.888,79.139,NA,109.161,8373.827,9.576,NA,NA,875,7
1793,BXD65,CD,F,527,1461.295,3037.501,NA,150.674,24.564,NA,15.402,NA,54.957,19195.354,8.013,NA,NA,875,7
1794,BXD65,CD,F,527,676.201,1593.79,11475.86,202.942,359.167,532.606,11.444,NA,142.93,7610.734,30.388,NA,NA,875,7
1766,BXD65b,CD,F,187,81.265,1385.324,453.49,122.349,NA,23.346,29.277,NA,NA,2366.173,10.375,15.061,26.09,754,2
1710,BXD65b,CD,F,187,86.376,1483.441,218.89,37.439,34.353,223.856,3.151,NA,NA,3877.439,8.939,14.846,41.28,754,2
1410,BXD65b,CD,F,302,66.949,1413.766,61.762,31.847,NA,66.565,1.476,NA,NA,1781.315,7.967,15.676,24.01,754,2
2108,BXD65b,CD,F,748,59.806,708.025,238.707,164.347,NA,NA,6.828,NA,51.645,6395.954,2.531,NA,NA,754,7
2107,BXD65b,CD,F,748,51.76,500.537,279.043,128.357,82.104,NA,46.704,NA,66.831,15955.845,4.158,NA,NA,754,7
1411,BXD65b,CD,F,188,199.01,15927.434,5124.227,566.523,1439.037,370.092,367.812,413.147,662.972,51351.892,63.114,NA,NA,754,1
1412,BXD65b,CD,F,370,841.906,2033.653,6647.674,161.571,58.311,114.643,50.142,43.844,46.696,21370.108,10.815,16.253,29.68,754,1
1413,BXD65b,CD,F,370,1536.449,3792.909,23583.558,254.699,46.21,136.365,163.517,64.036,135.958,46160.838,21.703,32.498,33.33,754,1
1714,BXD65b,CD,F,174,2247.005,6013.063,29094.878,910.498,46.21,388.637,88.697,357.865,313.55,76801.604,30.759,71.868,45.76,754,1
1595,BXD65b,CD,F,415,1203.418,3798.987,33754.477,40.049,64.358,96.864,9.682,102.084,149.035,70118.02,27.6,29.267,44.81,754,1
1596,BXD65b,CD,F,415,557.65,1803.787,1735.812,192.379,52.261,10.285,67.243,71.853,174.123,47271.534,15.846,11.559,24.94,754,1
1714,BXD65b,CD,F,174,2247.005,6013.063,29094.878,910.498,46.21,388.637,88.697,357.865,313.55,76801.604,30.759,71.868,45.76,754,1
1411,BXD65b,CD,F,188,199.01,15927.434,5124.227,566.523,1439.037,370.092,367.812,413.147,662.972,51351.892,63.114,NA,NA,754,1
1412,BXD65b,CD,F,370,841.906,2033.653,6647.674,161.571,58.311,114.643,50.142,43.844,46.696,21370.108,10.815,16.253,29.68,754,1
1413,BXD65b,CD,F,370,1536.449,3792.909,23583.558,254.699,46.21,136.365,163.517,64.036,135.958,46160.838,21.703,32.498,33.33,754,1
1595,BXD65b,CD,F,415,1203.418,3798.987,33754.477,40.049,64.358,96.864,9.682,102.084,149.035,70118.02,27.6,29.267,44.81,754,1
1596,BXD65b,CD,F,415,557.65,1803.787,1735.812,192.379,52.261,10.285,67.243,71.853,174.123,47271.534,15.846,11.559,24.94,754,1
1558,BXD66,CD,F,354,215.964,1346.856,439.616,45.817,12.421,167.987,10.435,24.037,72.221,12829.929,20.343,8.728,21.58,637,2
2128,BXD66,CD,F,184,282.259,797.596,2815.814,32.991,NA,260.617,5.999,NA,136.932,8628.092,6.998,3.503,29.16,637,6
2127,BXD66,CD,F,184,87.775,1052.271,1099.464,65.386,NA,180.671,3.438,NA,50.864,3554.639,7.484,6.137,27.36,637,6
758,BXD67,CD,F,564,299.068,894.708,925.214,535.431,53.335,122.391,70.204,NA,108.266,25301.178,4.391,4.123,22.02,544,5
759,BXD67,CD,F,564,541.56,1017.479,1249.605,188.033,NA,143.636,25.444,NA,57.102,15460.808,1.689,4.102,22.78,544,5
1343,BXD67,CD,F,716,1822.988,8135.643,28006.285,1151.402,136.817,510.666,31.701,176.477,607.41,69525.099,71.988,73.221,23.48,544,1
1344,BXD67,CD,F,716,118.88,500.173,389.863,121.644,160.938,90.562,24.642,31.102,205.827,30023.775,11.586,2.233,27.03,544,1
1343,BXD67,CD,F,716,1822.988,8135.643,28006.285,1151.402,136.817,510.666,31.701,176.477,607.41,69525.099,71.988,73.221,23.48,544,1
1344,BXD67,CD,F,716,118.88,500.173,389.863,121.644,160.938,90.562,24.642,31.102,205.827,30023.775,11.586,2.233,27.03,544,1
1068,BXD68,CD,F,201,214.015,1030.467,2248.684,68.266,18.693,NA,11.557,22.353,101.506,4471.016,1.578,8.161,24.49,660,5
1069,BXD68,CD,F,201,364.119,620.643,5575.642,135.458,NA,34.591,23.551,NA,18.575,5475.006,2.662,6.48,28.58,660,5
1898,BXD68,CD,F,349,344.808,1327.214,1787.818,28.87,66.836,NA,8.854,47.72,73.654,4761.261,11.845,3.727,19.09,660,6
1899,BXD68,CD,F,349,239.994,1212.111,355.716,29.627,NA,NA,NA,NA,NA,1730.428,5.407,6.196,22.54,660,6
2316,BXD68,CD,F,735,185.586,930.406,2477.757,100.527,50.702,NA,11.166,NA,76.838,6938.672,9.482,NA,NA,660,7
1079,BXD68,CD,F,545,383.22,570.111,5820.627,33.166,100.609,276.117,32.173,145.265,60.973,43379.549,27.009,2.914,25.08,660,1
1080,BXD68,CD,F,545,405.226,1135.388,9547.422,182.258,100.609,125.744,35.947,26.7,51.036,23550.55,8.511,9.646,25.5,660,1
1079,BXD68,CD,F,545,383.22,570.111,5820.627,33.166,100.609,276.117,32.173,145.265,60.973,43379.549,27.009,2.914,25.08,660,1
1080,BXD68,CD,F,545,405.226,1135.388,9547.422,182.258,100.609,125.744,35.947,26.7,51.036,23550.55,8.511,9.646,25.5,660,1
591,BXD69,CD,F,558,2223.139,5712.157,9732.415,170.829,NA,113.534,19.072,11.442,140.587,16027.215,8.637,48.119,33.33,724,5
592,BXD69,CD,F,558,1954.089,3326.087,11038.887,80.979,6.512,409.797,4.451,NA,57.102,18135.18,15.45,25.864,31.81,724,5
2142,BXD69,CD,F,157,825.015,1677.7,2508.164,340.746,NA,210.78,44.339,NA,81.385,10064.503,9.482,11.113,23.92,724,6
1511,BXD70,CD,F,357,888.753,538.514,1144.045,146.252,44.253,218.691,10.018,20.437,68.687,19401.695,6.98,3.179,22.65,737,2
1512,BXD70,CD,F,357,118.044,633.666,1904.084,469.082,NA,86.879,21.749,NA,71.836,12431.728,0.406,5.064,23.91,737,2
1491,BXD70,CD,F,434,413.966,1195.773,752.646,67.626,62.333,207.017,13.992,NA,20.256,8954.299,8.443,4.046,20.89,737,7
1487,BXD70,CD,F,434,559.244,1181.524,13590.229,22.325,NA,NA,4.404,NA,44.929,8215.496,9.435,9.868,34.51,737,7
1486,BXD70,CD,F,434,356.32,1276.824,1949.749,94.986,45.858,NA,44.339,NA,96.175,4881.52,10.693,13.146,25.38,737,7
1855,BXD70,CD,F,261,511.367,754.688,2202.174,13.685,NA,NA,NA,NA,NA,4574.396,3.889,3.586,25.97,737,7
1936,BXD70,CD,F,261,124.997,161.073,1768.929,NA,NA,NA,NA,NA,NA,2994.909,4.051,0.951,24.67,737,7
2069,BXD70,CD,F,758,145.178,1205.146,92.398,75.49,11.131,NA,NA,NA,89.91,6704.443,70.122,NA,NA,737,7
2090,BXD70,CD,F,752,804.769,3920.606,27702.731,778.594,64.358,184.321,219.939,342.303,198.118,41320.027,41.477,NA,NA,737,1
2090,BXD70,CD,F,752,804.769,3920.606,27702.731,778.594,64.358,184.321,219.939,342.303,198.118,41320.027,41.477,NA,NA,737,1
2072,BXD73,CD,F,206,371.634,448.683,1094.992,NA,45.858,416.167,NA,NA,NA,4356.91,8.538,3.037,19.9,719,6
1859,BXD73,CD,F,259,510.568,860.18,2208.097,29.088,NA,352.082,NA,NA,24.706,5082.538,7.581,4.521,21.9,719,6
1450,BXD73,CD,F,361,631.811,896.254,747.899,25.13,43.384,708.373,6.99,50.122,32.528,7794.292,15.876,2.646,24.14,719,7
1451,BXD73,CD,F,361,346.143,937.03,1088.765,39.351,NA,258.188,12.266,NA,39.743,11054.052,5.911,6.477,24.38,719,7
1906,BXD73,CD,F,539,483.635,1291.795,3919.955,131.085,NA,NA,28.16,28.827,56.697,4136.347,6.211,NA,NA,719,7
1907,BXD73,CD,F,539,523.32,1095.919,NA,282.986,14.902,NA,55.328,41.751,109.51,5821.614,5.305,NA,NA,719,7
267,BXD73b,CD,F,377,375.811,587.231,10669.5,16.204,12.421,596.424,1.165,6.974,NA,5280.174,9.899,3.382,32.3,823,3
265,BXD73b,CD,F,377,207.81,538.514,1803.883,4.975,NA,377.232,26.871,24.037,NA,8671.969,13.177,2.598,23.9,823,3
1466,BXD73b,CD,F,497,252.058,1137.302,2368.196,33.186,50.702,408.864,11.72,NA,220.034,13367.22,13.26,7.37,23.54,823,7
2089,BXD73b,CD,F,743,341.241,1616.086,744.439,NA,170.438,245.302,43.051,48.34,142.626,9741.055,13.169,NA,NA,823,7
148,BXD77,CD,F,352,270.975,835.021,1744.163,428.335,NA,NA,83.978,39.491,134.349,9696.485,4.429,9.499,25,813,3
146,BXD77,CD,F,353,159.887,587.231,1217.415,165.72,NA,54.771,98.029,48.848,62.395,4126.075,2.811,3.298,25,813,3
31,BXD77,CD,F,757,NA,NA,162.428,233.273,34.312,NA,348.607,26.721,958.11,7225.55,7.537,NA,16.06,813,4
30,BXD77,CD,F,757,152.467,790.191,1339.08,615.682,45.776,19.833,49.413,NA,76.558,4997.873,0.635,5.177,24.4,813,4
1398,BXD77,CD,F,460,21.505,813.879,907.508,50.237,27.48,NA,11.444,NA,85.207,6757.508,5.305,5.508,26.44,813,6
1397,BXD77,CD,F,460,304.84,745.684,980.303,34.429,71.27,132.491,6.99,NA,58.41,39343.317,4.79,4.027,27.43,813,7
823,BXD79,CD,F,217,706.073,1111.346,1556.82,620.785,NA,243.806,42.734,14.429,140.656,17875.878,6.98,10.882,25.8,566,3
825,BXD79,CD,F,217,2848.562,1621.679,1973.98,195.698,199.881,95.957,167.498,43.607,337.24,22444.684,10.611,19.616,25.5,566,3
826,BXD79,CD,F,378,765.098,1939.734,7615.487,484.151,62.709,69.963,87.28,48.843,584.938,8969.487,15.28,15.921,30.76,566,4
824,BXD79,CD,F,378,234.527,805.71,5045.491,344.858,60.84,72.599,48.053,19.012,216.791,5861.599,7.351,6.903,31.24,566,4
831,BXD79,CD,F,570,138.758,227.866,200.213,258.601,281.688,254.775,22.68,NA,434.544,5292.828,9.54,0.673,24.73,566,5
832,BXD79,CD,F,570,1099.396,1839.093,6762.374,402.859,90.442,258.159,73.293,61.479,708.773,12624.602,27.951,18.935,35.51,566,5
1429,BXD79,CD,F,472,63.626,NA,NA,27.981,NA,NA,10.318,NA,95.24,3840.138,75.675,NA,23.61,566,6
1555,BXD79,CD,F,468,460.852,1011.921,1234.044,23.839,21.525,NA,21.616,NA,173.183,6036.204,7.581,7.577,27.95,566,6
1554,BXD79,CD,F,468,733.876,1046.638,1552.747,76.125,19.949,NA,20.584,NA,322.345,6790.758,11.063,8.742,27.83,566,6
301,BXD83,CD,F,553,1926.194,8285.661,425.169,681.606,23.884,54.771,97.066,239.973,371.42,9555.283,7.967,88.889,21.4,523,3
299,BXD83,CD,F,553,293.377,1432.541,426.168,381.621,4704.182,850.549,103.095,65.579,249.773,4517.629,6.48,8.355,22.7,523,3
638,BXD84,CD,F,385,120.122,582.671,1192.754,710.401,NA,67.293,22.97,24.264,132.279,6695.154,9.54,4.195,22.83,769,4
637,BXD84,CD,F,385,237.011,977.784,2187.939,424.784,141.138,NA,20.944,9.693,130.465,14604.356,5.942,5.702,23.49,769,4
615,BXD86,CD,F,544,660.289,2424.243,12169.866,468.962,133.962,122.391,283.43,416.609,560.449,14881.956,13.403,24.96,36.91,911,4
614,BXD86,CD,F,544,68.104,1548.896,12754.194,497.274,14.698,53.32,29.694,41.005,187.734,13500.533,16.963,16.17,37.9,911,4
252,BXD86,CD,F,731,538.348,263.841,882.535,266.865,41.973,34.591,7.959,NA,63.332,11506.91,3.285,1.558,21.33,911,5
254,BXD86,CD,F,746,318.101,1062.436,7346.144,224.707,53.335,27.56,117.673,93.064,319.1,16463.679,16.628,8.185,34.15,911,5
2452,BXD86,CD,F,376,316.826,882.072,3064.611,112.093,NA,NA,NA,NA,84.21,7211.965,2.709,NA,NA,911,7
549,BXD87,CD,F,200,332.058,1404.323,1638.577,400.646,12.421,104.517,61.734,43.607,67.063,11273.024,18.143,13.448,21.8,811,3
550,BXD87,CD,F,200,273.012,618.418,1048.811,221.347,12.421,127.893,107.716,33.691,162.105,17181.927,12.252,6.323,20.6,811,3
296,BXD87,CD,F,581,429.742,1460.083,278.742,405.778,2.226,104.431,39.186,35.789,225.896,5562.256,25.423,0,19.67,811,5
298,BXD87,CD,F,581,472.298,1419.352,2880.243,164.615,30.449,143.636,47.297,47.413,107.599,15663.517,14.26,8.175,22.75,811,5
897,BXD88,CD,F,716,87.398,692.623,100.351,84.333,71.949,120.426,6.989,32.173,86.079,5168.634,199.131,4.289,32.45,558,3
929,BXD88,CD,F,716,143.917,622.681,617.617,70.101,48.296,NA,12.536,NA,66.379,8184.733,17.397,3.587,26.36,558,6
554,BXD89,CD,F,193,559.821,563.184,1452.077,309.8,NA,54.771,25.128,40.883,96.238,74727.547,2.811,3.731,22.7,768,3
555,BXD89,CD,F,193,330.022,618.418,451.018,1016.069,739.228,95.957,33.317,38.078,431.662,13349.405,46.357,3.874,25.6,768,3
2077,BXD89,CD,F,444,325.94,NA,2360.991,59.326,NA,NA,14.381,NA,49.814,5153.796,5.911,NA,NA,768,7
2078,BXD89,CD,F,444,343.92,1106.541,8157.951,74.196,9.825,58.643,33.116,1.958,52.471,9097.922,20.528,NA,NA,768,1
2078,BXD89,CD,F,444,343.92,1106.541,8157.951,74.196,9.825,58.643,33.116,1.958,52.471,9097.922,20.528,NA,NA,768,1
365,BXD9,CD,F,348,6547.232,29496.546,23861.091,1212.786,114.405,86.879,11.26,48.206,121.452,49510.701,12.252,320.686,49.3,507,3
367,BXD9,CD,F,348,6069.924,7030.841,NA,459.012,71.949,180.03,30.127,71.106,195.397,69580.143,15.458,77.452,46.2,507,3
2577,BXD9,CD,F,245,566.688,1411.595,7666.454,242.124,NA,87.698,14.51,NA,92.975,18257.974,5.911,NA,NA,507,7
1006,BXD9,CD,F,548,1082.243,5402.776,279.665,429.623,106.646,133.75,27.933,90.916,107.948,48892.726,225.494,22.562,29.66,507,1
1006,BXD9,CD,F,548,1082.243,5402.776,279.665,429.623,106.646,133.75,27.933,90.916,107.948,48892.726,225.494,22.562,29.66,507,1
1096,BXD90,CD,F,732,401.241,3760.902,3965.236,664.33,44.253,315.075,89.027,43.607,101.029,12729.584,32.633,24.371,23.02,738,2
755,BXD90,CD,F,549,NA,227.866,130.687,274.745,NA,405.473,2.108,NA,324.144,7558.857,79.443,2.084,25.87,738,4
756,BXD90,CD,F,549,NA,620.643,NA,413.151,2.226,113.534,4.187,NA,233.005,2334.888,50.717,6.301,25.52,738,4
1702,BXD90,CD,F,188,286.401,1241.832,84.188,73.178,227.216,77.223,9.682,169.612,3762.005,29652.02,29.574,10.282,20.09,738,1
1702,BXD90,CD,F,188,286.401,1241.832,84.188,73.178,227.216,77.223,9.682,169.612,3762.005,29652.02,29.574,10.282,20.09,738,1
883,BXD91,CD,F,562,1006.433,1577.7,6114.932,61.608,NA,NA,3.66,NA,43.47,14069.856,5.464,9.769,29.26,925,5
884,BXD91,CD,F,562,716.182,1224.509,2487.641,91.08,53.335,247.959,11.557,NA,84.269,18257.89,8.818,10.844,25.7,925,5
1270,BXD95,CD,F,366,354.393,NA,1879.183,122.682,60.84,95.044,18.642,NA,67.181,11661.446,8.637,NA,32.36,614,4
1271,BXD95,CD,F,366,504.135,432.513,1201.552,149.444,6.512,85.324,25.882,11.442,44.509,15829.778,18.293,4.173,26.97,614,4
1564,BXD95,CD,F,644,190.079,698.156,346.005,36.366,94.728,NA,11.026,NA,55.955,8580.816,11.109,3.519,24.92,614,6
1565,BXD95,CD,F,536,192.152,679.817,404.579,73.178,166.967,45.902,15.271,52.05,301.809,50265.314,36.902,3.426,20.76,614,1
1742,BXD95,CD,F,536,116.382,235.724,320.977,22.496,34.098,NA,2.306,125.733,526.315,33452.163,22.095,1.782,24.79,614,1
1565,BXD95,CD,F,536,192.152,679.817,404.579,73.178,166.967,45.902,15.271,52.05,301.809,50265.314,36.902,3.426,20.76,614,1
1742,BXD95,CD,F,536,116.382,235.724,320.977,22.496,34.098,NA,2.306,125.733,526.315,33452.163,22.095,1.782,24.79,614,1
1524,BXD98,CD,F,384,897.708,3058.05,304.41,23.457,52.261,90.562,12.007,129.314,304.61,81450.64,16.235,27.082,22.32,623,1
1769,BXD98,CD,F,384,89.671,730.142,103.388,45.996,58.311,77.223,17.608,116.717,159.504,21677.539,13.131,5.94,21.88,623,1
2251,BXD98,CD,F,531,128.625,601.591,126.726,92.625,154.909,84.028,16.206,43.844,52.471,16194.095,25.631,NA,NA,623,1
2252,BXD98,CD,F,531,257.568,913.072,146.385,89.539,70.404,161.257,33.116,43.844,19.066,24944.153,27.6,NA,NA,623,1
1524,BXD98,CD,F,384,897.708,3058.05,304.41,23.457,52.261,90.562,12.007,129.314,304.61,81450.64,16.235,27.082,22.32,623,1
1769,BXD98,CD,F,384,89.671,730.142,103.388,45.996,58.311,77.223,17.608,116.717,159.504,21677.539,13.131,5.94,21.88,623,1
2251,BXD98,CD,F,531,128.625,601.591,126.726,92.625,154.909,84.028,16.206,43.844,52.471,16194.095,25.631,NA,NA,623,1
2252,BXD98,CD,F,531,257.568,913.072,146.385,89.539,70.404,161.257,33.116,43.844,19.066,24944.153,27.6,NA,NA,623,1
1354,BXD99,CD,F,535,618.741,1460.434,1235.359,351.07,169.677,161.756,20.843,78.546,98.654,23369.804,15.909,7.991,22.8,616,2
1679,C57BL/6J,CD,F,359,99.66,NA,1977.288,84.918,NA,66.565,3.151,6.974,37.395,16473.053,NA,NA,23.06,828,2
526,C57BL/6J,CD,F,215,152.746,137.172,2934.752,41.238,468.755,167.987,11.26,24.037,34.966,17076.057,7.967,0.405,22.8,828,3
527,C57BL/6J,CD,F,215,421.581,538.514,3722.142,213.3,34.353,77.15,32.483,18.531,62.833,27309.425,7.476,6.747,25.7,828,3
689,C57BL/6J,CD,F,739,NA,NA,491.851,58.251,14.698,113.534,5.787,NA,NA,8336.176,11.667,NA,24.29,828,5
927,C57BL/6J,CD,F,734,65.493,484.133,1962.25,NA,1328.739,530.492,NA,NA,23.93,3512.014,15.113,0.453,28.68,828,6
1764,C57BL/6J,CD,F,537,348.363,688.086,1888.882,126.48,NA,NA,2.146,NA,70.177,7776.639,2.227,5.747,35.34,828,6
1103,C57BL/6J,CD,F,537,353.133,1598.248,14626.773,263.358,329.526,141.519,49.194,83.365,155.82,32260.153,21.311,11.277,27.83,828,1
1680,C57BL/6J,CD,F,182,80.855,928.38,1022.61,59.007,106.646,131.109,19.949,85.261,176.542,60863.464,28.389,8.289,19.72,828,1
1680,C57BL/6J,CD,F,182,80.855,928.38,1022.61,59.007,106.646,131.109,19.949,85.261,176.542,60863.464,28.389,8.289,19.72,828,1
1103,C57BL/6J,CD,F,537,353.133,1598.248,14626.773,263.358,329.526,141.519,49.194,83.365,155.82,32260.153,21.311,11.277,27.83,828,1
1162,D2B6F1,CD,F,744,495.844,2338.936,6932.646,123.654,6.512,99.776,2.62,NA,2.076,7764.906,7.997,21.387,42.05,792,4
1165,D2B6F1,CD,F,744,824.385,2396.049,8851.701,80.776,6.512,10.829,1.353,16.16,54.328,12035.894,5.847,23.635,43.9,792,4
1169,D2B6F1,CD,F,370,281.545,1680.26,3673.171,108.976,41.973,NA,NA,NA,NA,2739.842,9.719,12.582,38.63,792,4
1170,D2B6F1,CD,F,370,806.856,1610.837,7547.638,208.758,NA,NA,14.086,NA,56.185,8041.473,0.881,14.498,41.62,792,4
1153,D2B6F1,CD,F,210,901.905,851.04,10744.64,48.48,2.226,126.737,2.62,NA,NA,15103.747,0.376,5.515,37.96,792,5
1154,D2B6F1,CD,F,210,843.912,1087.526,10742.434,8.149,NA,122.391,0.862,NA,NA,5797.948,2.02,11.51,41.77,792,5
645,D2B6F1,CD,F,545,1153.17,2016.834,10918.444,150.778,227.784,284.709,35.461,39.984,283.218,12174.253,7.351,16.554,35.75,792,5
646,D2B6F1,CD,F,545,1116.019,2486.841,9543.293,205.995,18.693,NA,33.236,20.375,70.923,11702.862,15.111,28.827,48.47,792,5
1443,D2B6F1,CD,F,500,1059.483,1457.712,NA,105.924,14.902,NA,11.166,NA,45.485,8112.57,4.424,10.076,46.38,792,6
1146,DBA/2J,CD,F,212,1175.678,790.191,7719.405,84.832,68.298,151.828,10.999,13.882,33.462,12286.396,4.093,4.495,30.31,652,5
1147,DBA/2J,CD,F,212,838.343,880.324,5056.603,285.096,57.094,53.32,51.534,NA,128.027,16255.922,2.662,8.874,29.18,652,5
1885,DBA/2J,CD,F,344,432.798,1023.674,923.476,47.309,NA,NA,22.07,NA,100.782,4500.686,8.157,6.486,26.02,652,6
1886,DBA/2J,CD,F,344,1065.549,1470.283,2674.652,177.017,24.564,NA,18.946,46.107,141.71,10531.867,10.322,8.363,26.01,652,6
1812,DBA/2J,CD,F,532,614.554,1686.932,931.411,45.996,64.358,70.097,58.21,60.079,66.549,14493.496,24.844,NA,NA,652,1
1813,DBA/2J,CD,F,532,825.17,1896.926,8218.956,165.804,40.156,102.963,92.997,52.05,325.229,21404.253,132.291,NA,NA,652,1
1812,DBA/2J,CD,F,532,614.554,1686.932,931.411,45.996,64.358,70.097,58.21,60.079,66.549,14493.496,24.844,NA,NA,652,1
1813,DBA/2J,CD,F,532,825.17,1896.926,8218.956,165.804,40.156,102.963,92.997,52.05,325.229,21404.253,132.291,NA,NA,652,1
1230,B6D2F1,HF,F,726,1057.118,1337.138,NA,376.284,71.949,388.161,14.063,63.311,130.633,34734.731,9.899,12.419,83.62,449,2
1444,B6D2F1,HF,F,626,651.241,2565.995,9757.13,575.161,53.761,197.19,NA,6.974,NA,20269.385,8.939,16.258,63.23,449,2
1233,B6D2F1,HF,F,364,2753.308,3744.362,13040.668,106.214,101.406,395.321,14.368,152.477,142.336,26017.22,15.196,32.082,78.65,449,4
1295,B6D2F1,HF,F,216,1336.847,1250.595,6010.418,159.439,NA,203.108,23.857,NA,28.76,17119.312,4.79,12.696,34.72,449,6
1302,B6D2F1,HF,F,216,657.497,754.688,7758.192,49.644,73.464,298.401,NA,NA,25.088,11302.156,5.609,6.031,43.59,449,6
1303,B6D2F1,HF,F,364,983.555,1250.595,NA,49.644,6.695,409.393,NA,32.018,29.113,12026.382,6.409,14.317,53.18,449,6
1446,B6D2F1,HF,F,619,502.562,1422.843,10650.427,54.724,298.15,250.614,310.054,621.511,532.02,31866.6,635.554,5.839,42.7,449,6
1445,B6D2F1,HF,F,619,939.911,1894.358,NA,678.389,62.333,NA,18.111,NA,107.759,19736.204,8.917,17.186,73.7,449,6
2290,B6D2F1,HF,F,547,1758.208,3156.138,NA,463.316,177.051,NA,33.473,269.018,265.672,22591.925,17.308,NA,NA,449,7
2288,B6D2F1,HF,F,547,133.632,1759.374,8629.941,90.822,107.038,669.562,10.318,78.695,100.6,15216.298,11.156,NA,NA,449,7
2287,B6D2F1,HF,F,547,2286.235,2271.146,10046.421,971.903,73.464,NA,33.871,151.344,169.429,11563.769,8.822,NA,NA,449,7
2286,B6D2F1,HF,F,547,1301.477,2142.527,8219.407,110.34,14.902,221.308,0.491,73.108,83.408,9938.597,98.891,NA,NA,449,7
1513,BXD100,HF,F,463,783.221,2492.355,7934.063,593.357,NA,104.517,9.173,3.603,59.242,21104.728,10.375,29.43,44.6,634,2
1192,BXD100,HF,F,363,1349.782,4494.503,9450.366,42.432,4.397,85.324,4.451,384.376,NA,18227.918,6.227,31.713,59.97,634,4
1193,BXD100,HF,F,363,1264.144,6009.304,NA,193.236,6.512,NA,16.355,3.242,95.225,16439.642,10.964,54.516,82.47,634,4
2084,BXD100,HF,F,176,872.32,1375.161,4613.397,39.351,NA,NA,9.153,NA,NA,9577.198,5.407,8.218,38.45,634,6
2085,BXD100,HF,F,176,391.471,1435.82,4001.347,64.723,NA,NA,10.603,NA,52.932,11334.78,4.894,6.099,33.57,634,6
1186,BXD100,HF,F,537,1452.064,4298.721,NA,91.081,76.448,131.109,35.003,90.916,215.848,86328.292,29.179,31.26,81.92,634,1
1187,BXD100,HF,F,537,426.817,6488.932,NA,2661.792,112.683,10.285,281.879,102.084,1483.51,63000.643,48.264,58.868,69.425,634,1
1300,BXD100,HF,F,715,764.893,1210.168,28154.291,93.139,28.038,175.282,12.473,60.079,196.333,57399.817,41.079,11.589,38.86,634,1
1186,BXD100,HF,F,537,1452.064,4298.721,NA,91.081,76.448,131.109,35.003,90.916,215.848,86328.292,29.179,31.26,81.92,634,1
1187,BXD100,HF,F,537,426.817,6488.932,NA,2661.792,112.683,10.285,281.879,102.084,1483.51,63000.643,48.264,58.868,69.425,634,1
1300,BXD100,HF,F,715,764.893,1210.168,28154.291,93.139,28.038,175.282,12.473,60.079,196.333,57399.817,41.079,11.589,38.86,634,1
1420,BXD101,HF,F,348,900.927,4143.552,8267.725,155.414,34.353,155.367,NA,27.417,63.7,17895.487,31.806,28.342,54.56,480,2
1421,BXD101,HF,F,513,1598.199,3340.267,11168.762,1311.208,173.499,300.424,14.063,33.691,114.549,29692.503,23.592,33.67,75.65,480,2
1422,BXD101,HF,F,493,118.044,2830.322,3787.145,777.078,12.421,228.947,NA,NA,NA,7118.932,50.294,28.53,56.98,480,2
1942,BXD101,HF,F,470,1614.401,2935.758,NA,954.771,80.731,202.701,15.616,38.078,102.202,44052.428,14.095,31.495,70.18,480,2
465,BXD101,HF,F,363,2681.768,3739.591,15378.718,627.876,134.575,323.254,13.67,NA,34.105,29573.614,19.905,32.041,52.6,480,3
466,BXD101,HF,F,363,1656.929,15848.364,13577.542,2230.059,34.353,112.651,21.206,38.078,111.823,33576.079,12.716,196.266,36.7,480,3
1362,BXD102,HF,F,351,921.216,922.387,NA,241.698,836.048,802.561,20.296,38.078,162.773,30098.059,70.236,8.368,43.07,760,2
1696,BXD102,HF,F,353,1310.103,1745.146,5786.885,114.39,333.204,224.599,20.468,NA,141.71,13476.103,8.061,5.152,29.23,760,6
1750,BXD102,HF,F,363,781.776,1363.385,3765.977,47.538,NA,NA,11.444,NA,66.605,12766.144,5.1,5.988,50.52,760,6
1916,BXD102,HF,F,366,417.331,698.156,6800.703,54.936,40.871,199.035,NA,NA,76.417,12572.478,11.017,6.686,36.26,760,7
1498,BXD102,HF,F,366,1021.273,1074.4,NA,70.166,NA,NA,40.439,NA,70.397,20554.407,6.803,9.205,37.86,760,7
1360,BXD102,HF,F,415,846.677,1758.517,35310.536,349.566,142.849,96.864,35.947,120.335,168.662,59982.42,36.704,12.661,31.99,760,1
1361,BXD102,HF,F,183,851.444,1604.851,11213.982,120.602,293.43,25.147,26.522,98.381,305.17,32353.547,47.464,13.404,23.93,760,1
1358,BXD102,HF,F,544,1255.203,3355.752,NA,80.827,166.967,54.568,14.804,71.853,168.662,60176.768,18.183,27.302,52.31,760,1
1361,BXD102,HF,F,183,851.444,1604.851,11213.982,120.602,293.43,25.147,26.522,98.381,305.17,32353.547,47.464,13.404,23.93,760,1
1360,BXD102,HF,F,415,846.677,1758.517,35310.536,349.566,142.849,96.864,35.947,120.335,168.662,59982.42,36.704,12.661,31.99,760,1
1358,BXD102,HF,F,544,1255.203,3355.752,NA,80.827,166.967,54.568,14.804,71.853,168.662,60176.768,18.183,27.302,52.31,760,1
1538,BXD24,HF,F,312,493.766,2536.021,7400.422,593.357,71.949,77.15,NA,NA,NA,15010.806,4.951,21.181,42.67,554,2
1031,BXD24,HF,F,377,4562.93,11904.003,NA,378.734,18.693,151.828,9.749,4.547,142.336,30640.252,14.686,115.707,77.1,554,4
1032,BXD24,HF,F,377,1812.499,2076.246,NA,38.276,47.671,426.938,1.854,NA,28.514,15030.726,15.111,14.949,67.34,554,4
1037,BXD29,HF,F,630,417.514,1010.864,NA,168.2,161.991,213.446,22.647,54.465,110.444,21283.197,12.716,5.386,46.02,747,2
1531,BXD29,HF,F,333,87.398,NA,8162.02,211.576,NA,86.879,2.062,22.269,60.159,11705.645,8.939,NA,38.32,747,2
1782,BXD29,HF,F,500,119.065,940.473,11870.509,270.614,NA,127.893,14.063,37.362,69.487,6763.281,1.668,7.313,41.83,747,2
1520,BXD29,HF,F,431,616.709,1432.541,33771.238,411.781,23.884,NA,32.984,97.378,120.406,21219.37,14.323,9.902,41.38,747,3
734,BXD29,HF,F,736,339.181,1122.178,12920.081,207.939,NA,NA,11.668,46.26,49.667,10066.114,15.909,9.049,43.7,747,3
732,BXD29,HF,F,736,782.154,3264.068,10128.4,215.005,79.41,64.585,18.929,73.95,94.158,16014.517,55.646,23.266,47.41,747,4
1042,BXD29,HF,F,369,728.499,1377.768,11544.769,311.334,2.226,232.38,14.935,20.375,86.142,23173.961,0.376,12.698,33.85,747,4
1043,BXD29,HF,F,369,479.078,1568.141,6828.304,974.702,79.41,498.68,41.731,16.16,132.58,29098.865,9.809,17.275,32.02,747,4
668,BXD29,HF,F,577,1125.98,1548.896,10744.64,531.762,176.76,1588.973,34.57,43.017,116.112,20602.749,43.726,9.814,38.3,747,5
669,BXD29,HF,F,577,221.848,1056.098,9822.649,208.021,NA,117.991,11.277,5.715,63.766,20814.126,0.376,11.102,49.83,747,5
2349,BXD29,HF,F,182,361.593,903.229,5577.263,175.754,NA,NA,18.351,NA,88.162,15486.067,4.476,NA,NA,747,7
2350,BXD29,HF,F,182,989.583,1564.515,4110.843,154.369,NA,NA,16.896,NA,97.291,16083.519,4.211,NA,NA,747,7
1471,BXD32,HF,F,441,116.002,999.337,2340.109,441.944,NA,248.632,NA,24.901,116.433,4991.433,17.699,6.835,31.78,623,2
1470,BXD32,HF,F,441,77.176,1267.898,1864.354,257.487,NA,120.426,NA,NA,NA,1493.656,16.359,9.129,41.61,623,2
595,BXD32,HF,F,365,1008.451,3493.893,10813.673,610.587,105.047,75.203,30.577,14.657,439.377,14229.219,11.316,33.206,41.203,623,4
2031,BXD32,HF,F,200,1334.482,2211.154,8223.797,1057.586,NA,NA,61.925,NA,135.841,21931.812,4.265,16.239,35.7,623,6
2030,BXD32,HF,F,200,2137.377,4119.721,7421.778,332.182,16.647,328.812,22.296,NA,125.326,29276.467,11.616,29.365,30.9,623,6
2032,BXD32,HF,F,721,74.693,311.04,562.027,66.58,13289.503,230.563,99.69,134.66,109.242,7210.309,751.287,NA,NA,623,1
1137,BXD32,HF,F,539,89.671,2001.989,174.185,46.493,163.953,84.028,8.754,105.768,284.925,34383.049,70.574,13.694,51.32,623,1
1137,BXD32,HF,F,539,89.671,2001.989,174.185,46.493,163.953,84.028,8.754,105.768,284.925,34383.049,70.574,13.694,51.32,623,1
2032,BXD32,HF,F,721,74.693,311.04,562.027,66.58,13289.503,230.563,99.69,134.66,109.242,7210.309,751.287,NA,NA,623,1
274,BXD34,HF,F,361,3336.643,8439.358,NA,1116.587,389.446,414.665,35.631,40.883,156.713,62165.959,25.515,128.211,74.3,579,3
272,BXD34,HF,F,361,3232.58,3949.695,NA,684.984,34.353,23.346,27.563,38.787,101.323,39713.792,8.939,50.335,57.5,579,3
1056,BXD34,HF,F,197,4574.596,10200.225,NA,150.452,80.731,620.824,22.647,22.269,95.627,38548.059,13.637,137.336,56.92,579,3
1055,BXD34,HF,F,197,4667.448,4724.991,NA,210.045,62.973,482.187,12.876,29.039,138.973,43096.546,12.252,69.401,49.46,579,3
1052,BXD34,HF,F,537,811.38,5708.133,16242.835,32.188,82.49,141.519,19.949,98.381,520.087,47307.391,2250.107,50.14,69.25,579,1
1053,BXD34,HF,F,537,1184.991,3923.649,41328.851,64.051,118.718,151.552,28.404,73.789,213.496,35603.152,20.919,26.555,75.25,579,1
1052,BXD34,HF,F,537,811.38,5708.133,16242.835,32.188,82.49,141.519,19.949,98.381,520.087,47307.391,2250.107,50.14,69.25,579,1
1053,BXD34,HF,F,537,1184.991,3923.649,41328.851,64.051,118.718,151.552,28.404,73.789,213.496,35603.152,20.919,26.555,75.25,579,1
1473,BXD39,HF,F,350,835.992,1586.689,18639.143,70.796,44.253,433.434,2.618,38.078,NA,10362.177,12.716,12.11,52.66,577,2
1474,BXD39,HF,F,350,771.041,1515.302,10701.861,73.951,114.405,285.302,NA,18.531,NA,20294.327,12.716,14.729,41.25,577,2
1481,BXD40,HF,F,284,478.519,1895.218,7453.524,24.273,NA,562.865,NA,3.603,NA,5796.427,12.716,12.963,37.43,478,2
1488,BXD40,HF,F,291,85.354,1050.613,3231.981,181.18,NA,221.283,NA,NA,121.452,2681.995,12.716,7.564,35.89,478,2
1594,BXD40,HF,F,358,122.128,2657.972,2139.34,555.391,NA,135.092,NA,NA,NA,5186.233,15.458,32.916,34.11,478,2
678,BXD40,HF,F,321,966.612,1765.025,5138.249,1533.053,33.034,236.874,25.063,NA,144.448,19908.247,8.633,17.283,38.7,478,6
655,BXD40,HF,F,262,1359.76,1876.19,6906.276,866.142,63.466,132.491,23.192,42.918,124.021,31790.284,10.693,22.019,39.5,478,6
654,BXD40,HF,F,262,1037.147,2426.623,15878.036,1349.633,45.858,127.249,38.733,NA,105.638,26622.015,8.252,23.063,32.4,478,6
653,BXD40,HF,F,262,1301.477,2165.69,5341.055,1500.876,18.325,233.926,36.812,NA,370.572,33546.312,10.043,18.4,36.2,478,6
652,BXD40,HF,F,262,NA,19569.332,NA,275.3,325.13,235.41,26.679,41.348,195.846,53278.613,17.665,367.747,89.6,478,6
651,BXD40,HF,F,262,14871.435,16537.944,3873.667,147.298,482.183,190.32,11.72,37.798,403.823,19818.682,16.816,154.795,82.4,478,6
1593,BXD40,HF,F,358,439.441,598.566,3392.824,11.415,33.034,185.628,NA,NA,NA,8403.109,6.803,2.327,30.05,478,7
1688,BXD40,HF,F,180,4012.017,5430.998,NA,391.979,40.156,573.876,35.475,141.743,402.786,86286.847,43.072,35.975,38.27,478,1
1689,BXD40,HF,F,180,1249.451,2200.316,27101.233,192.379,28.038,240.41,30.759,94.659,153.358,45528.602,18.964,20.753,31.53,478,1
1688,BXD40,HF,F,180,4012.017,5430.998,NA,391.979,40.156,573.876,35.475,141.743,402.786,86286.847,43.072,35.975,38.27,478,1
1689,BXD40,HF,F,180,1249.451,2200.316,27101.233,192.379,28.038,240.41,30.759,94.659,153.358,45528.602,18.964,20.753,31.53,478,1
1326,BXD43,HF,F,594,391.898,1232.688,2571.043,46.389,NA,NA,NA,NA,NA,6873.331,9.95,9.23,40.8,685,6
1325,BXD43,HF,F,594,394.463,1186.3,7716.67,49.569,NA,NA,45.617,85.656,78.092,7679.004,10.322,9.481,56.1,685,6
1756,BXD43,HF,F,367,1148.105,1861.693,31778.668,90.567,142.849,108.883,45.404,105.768,229.885,29710.088,99.376,24.53,48.1,685,1
1757,BXD43,HF,F,367,1361.038,2115.643,NA,198.785,40.156,70.097,23.702,131.1,120.792,66572.059,24.451,26.048,46.96,685,1
1756,BXD43,HF,F,367,1148.105,1861.693,31778.668,90.567,142.849,108.883,45.404,105.768,229.885,29710.088,99.376,24.53,48.1,685,1
1757,BXD43,HF,F,367,1361.038,2115.643,NA,198.785,40.156,70.097,23.702,131.1,120.792,66572.059,24.451,26.048,46.96,685,1
1825,BXD44,HF,F,240,1025.806,2023.086,5571.968,73.066,48.296,398.591,NA,NA,53.95,17660.186,6.901,19.519,44.49,616,6
1824,BXD44,HF,F,240,786.669,2383.948,4344.647,69.842,NA,NA,NA,NA,15.694,18027.319,7.677,24.03,56.7,616,6
1687,BXD44,HF,F,174,529.915,920.736,3636.298,120.602,21.973,102.963,48.72,26.7,65.161,13683.68,13.131,8.817,24.14,616,1
1501,BXD44,HF,F,379,572.02,2178.406,28252.192,33.166,46.21,45.902,25.582,71.853,144.694,82033.451,35.91,19.919,40.41,616,1
1502,BXD44,HF,F,379,2081.894,7038.34,NA,26.352,179.021,54.568,19.949,79.554,129.038,82830.933,57.885,69.426,50.46,616,1
1687,BXD44,HF,F,174,529.915,920.736,3636.298,120.602,21.973,102.963,48.72,26.7,65.161,13683.68,13.131,8.817,24.14,616,1
1501,BXD44,HF,F,379,572.02,2178.406,28252.192,33.166,46.21,45.902,25.582,71.853,144.694,82033.451,35.91,19.919,40.41,616,1
1502,BXD44,HF,F,379,2081.894,7038.34,NA,26.352,179.021,54.568,19.949,79.554,129.038,82830.933,57.885,69.426,50.46,616,1
1830,BXD45,HF,F,503,495.333,1510.628,18244.322,124.423,27.48,28.931,9.741,40.518,69.071,9838.54,6.557,NA,NA,695,7
1940,BXD45,HF,F,503,258.007,1489.758,3545.054,210.416,55.427,NA,52.033,NA,100.6,7795.175,37.973,NA,NA,695,7
2160,BXD45,HF,F,350,318.656,975.473,1271.887,235.615,86.352,NA,33.672,NA,85.008,5077.999,74.617,NA,NA,695,7
2161,BXD45,HF,F,350,539.565,1704.498,3799.906,120.432,21.525,NA,9.448,NA,100.964,6874.167,6.011,NA,NA,695,7
1378,BXD48,HF,F,595,754.801,1394.842,904.682,413.772,207.312,NA,74.874,134.336,255.615,49611.682,35.099,9.541,25.76,557,3
1377,BXD48,HF,F,595,1796.639,1317.575,18409.245,507.353,177.306,135.092,28.936,68.919,152.608,39980.598,12.716,10.056,45.93,557,3
1062,BXD48,HF,F,360,574.833,1280.744,10029.867,181.695,NA,392.403,0.386,9.693,34.642,18404.963,94.379,10.881,56.2,557,4
1063,BXD48,HF,F,360,649.078,1166.365,12961.457,43.735,22.645,122.391,5.787,16.16,31.652,19363.146,1.8,7.978,62.64,557,4
588,BXD48,HF,F,557,135.18,1480.147,12497.314,393.228,26.562,NA,24.424,16.16,208.696,24402.267,26.058,14.387,76.21,557,5
923,BXD48,HF,F,557,933.341,790.191,12570.348,107.793,41.973,183.214,5.787,NA,72.555,22448.414,4.882,7.51,53.09,557,5
2053,BXD48,HF,F,188,906.479,885.647,2287.085,75.109,NA,NA,27.528,NA,101.327,19260.987,1.151,8.162,25.7,557,6
2046,BXD48,HF,F,189,5806.16,7758.702,5645.287,421.395,11.131,NA,38.064,NA,138.946,13697.065,7.677,68.152,41.8,557,6
1772,BXD48a,HF,F,597,230.23,1180.688,1789.79,173.163,NA,NA,1.476,29.039,NA,4363.706,7.967,6.716,49.86,639,2
1239,BXD48a,HF,F,597,197.617,1740.812,26280.049,864.304,184.881,218.691,42.098,70.016,331.226,17672.499,56.711,9.275,53.08,639,2
1453,BXD48a,HF,F,436,1173.705,928.439,NA,870.434,NA,NA,33.981,40.883,233.157,31380.111,34.075,6.885,55.48,639,3
1452,BXD48a,HF,F,436,1087.536,3163.87,31079.873,769.123,34.353,95.957,39.212,52.622,128.627,15681.452,12.716,20.502,46.92,639,3
216,BXD48a,HF,F,351,1460.461,1022.314,NA,287.842,53.761,174.075,20.479,36.641,165.211,20766.89,13.866,11.998,45.3,639,3
214,BXD48a,HF,F,355,1003.373,1089.494,3074.532,495.168,34.353,104.517,31.646,50.119,116.968,21900.949,NA,11.61,32.4,639,3
698,BXD48a,HF,F,543,1642.109,1419.352,11077.551,231.818,18.693,151.828,8.233,5.715,71.741,16799.095,17.13,10.935,57.58,639,5
699,BXD48a,HF,F,543,686.943,1671.123,8979.015,213.904,26.562,109.015,25.444,25.504,143.496,17031.533,15.111,13.115,45.04,639,5
2057,BXD49,HF,F,190,314.992,667.292,3073.729,33.186,NA,NA,18.946,NA,143.082,14488.597,15.876,5.333,29.81,NA,6
2056,BXD49,HF,F,190,248.062,745.684,1250.377,22.467,NA,NA,13.071,34.592,99.869,4764.241,9.388,4.564,28.43,NA,6
1918,BXD50,HF,F,361,505.796,1345.918,1483.357,109.679,9.825,114.643,4.596,109.435,175.333,68698.852,18.964,12.307,35.59,NA,1
1919,BXD50,HF,F,361,738.083,1900.123,3215.158,143.115,52.261,36.298,7.828,81.462,111.823,41521.55,20.528,16.007,31.34,NA,1
1918,BXD50,HF,F,361,505.796,1345.918,1483.357,109.679,9.825,114.643,4.596,109.435,175.333,68698.852,18.964,12.307,35.59,NA,1
1919,BXD50,HF,F,361,738.083,1900.123,3215.158,143.115,52.261,36.298,7.828,81.462,111.823,41521.55,20.528,16.007,31.34,NA,1
600,BXD51,HF,F,357,495.012,2004.802,13017.144,830.918,34.312,2189.634,20.079,9.693,197.982,20675.107,28.186,24.106,69.04,681,4
598,BXD51,HF,F,357,284.879,3212.693,11942.079,711.372,26.562,117.991,23.842,NA,115.791,19535.569,9.898,28.683,49.33,681,4
1181,BXD51,HF,F,211,249.197,382.351,7655.419,167.819,22.645,53.32,23.116,NA,NA,7303.424,4.093,2.836,37.65,681,5
1182,BXD51,HF,F,211,295.829,187.264,10263.556,21.32,NA,31.144,2.878,NA,2.076,3656.351,3.489,1.308,31.97,681,5
1515,BXD51,HF,F,705,202.752,785.07,NA,119.948,24.564,NA,17.628,88.518,126.948,3662.13,10.09,NA,NA,681,7
836,BXD53,HF,F,713,95.573,1634.686,17724.976,43.327,799.933,148.806,36.287,647.403,328.567,32300.162,248.376,8.357,36.36,693,3
833,BXD53,HF,F,713,1151.404,2263.288,43600.189,177.362,44.253,NA,35.959,50.119,114.008,39384.699,16.359,18.903,58.49,693,3
556,BXD55,HF,F,573,435.939,1743.254,548.742,88.062,NA,NA,NA,NA,64.197,3430.692,2.02,11.798,24.19,738,5
557,BXD55,HF,F,573,NA,1495.069,2735.97,88.868,NA,27.56,1.353,32.51,28.514,10642.791,5.847,7.643,24.98,738,5
1065,BXD60,HF,F,374,2475.696,4602.002,11136.025,1593.466,72.012,95.044,25.298,NA,296.495,25601.444,39.842,52.021,61.03,554,4
1922,BXD61,HF,F,188,456.153,1818.98,9401.762,987.35,53.761,135.092,1.774,20.437,72.604,6900.703,12.716,12.704,35.66,737,2
1722,BXD61,HF,F,188,382.932,3661.749,8187.423,585.491,NA,262.764,NA,111.182,107.368,4065.31,3.899,37.174,38.92,737,2
1842,BXD61,HF,F,524,345.698,829.717,5472.516,87.56,53.078,NA,NA,NA,109.161,9161.932,11.34,NA,NA,737,7
1843,BXD61,HF,F,524,277.473,429.346,NA,73.706,6.695,230.902,0.491,26.823,70.836,8137.792,6.656,NA,NA,737,7
2148,BXD61,HF,F,364,465.348,829.717,5466.584,101.924,27.48,NA,6.335,NA,60.573,3682.812,4.371,NA,NA,737,7
2149,BXD61,HF,F,364,161.157,224.408,2526.418,95.779,NA,NA,14.122,NA,77.675,3234.544,1.58,NA,NA,737,7
2063,BXD61,HF,F,754,262.924,1767.841,4245.154,214.049,66.836,NA,62.673,216.097,332.115,9102.618,41.956,NA,NA,737,7
1435,BXD62,HF,F,488,972.947,1698.831,12345.654,1908.072,130.585,180.03,58.149,37.362,258.99,19446.482,19.467,11.742,35.12,576,3
1434,BXD62,HF,F,488,579.124,1950.257,26780.837,5497.706,169.677,NA,119.278,30.624,546.568,24933.211,12.716,11.795,38.88,576,3
702,BXD62,HF,F,343,152.467,1043.339,8845.171,262.916,86.772,230.626,78.096,54.402,299.919,5414.242,23.987,7.888,35.07,576,4
701,BXD62,HF,F,343,518.913,1624.891,11837.111,423.246,121.355,368.787,19.216,13.089,201.421,6871.698,26.453,10.529,35.15,576,4
1315,BXD62,HF,F,548,118.88,274.615,480.771,538.437,611.918,482.347,225.738,90.916,196.928,NA,84.133,0.751,22.72,576,1
1315,BXD62,HF,F,548,118.88,274.615,480.771,538.437,611.918,482.347,225.738,90.916,196.928,NA,84.133,0.751,22.72,576,1
1715,BXD63,HF,F,186,689.828,6474.351,6535.154,2069.748,34.353,223.856,17.517,NA,NA,15225.167,11.786,63.397,38.44,744,2
1716,BXD63,HF,F,186,164.987,828.575,3858.014,639.997,39.36,280.887,NA,NA,NA,7088.565,11.318,8.829,42.04,744,2
1416,BXD63,HF,F,344,1554.654,1515.302,NA,30.974,12.421,347.042,5.614,22.269,NA,6754.233,6.48,8.401,53.03,744,2
1751,BXD63,HF,F,344,344.269,4516.707,13822.831,1049.91,NA,127.893,NA,12.179,NA,10519.177,10.137,39.35,59.91,744,2
1200,BXD64,HF,F,366,1527.916,3300.816,NA,207.837,72.012,177.479,72.057,911.908,643.517,26934.685,11.492,21.865,59.23,NA,4
1201,BXD64,HF,F,366,1983.632,3108.138,NA,35.405,41.973,319.88,7.413,72.338,98.739,10365.723,7.721,18.35,56.15,NA,4
1285,BXD65,HF,F,367,1500.976,3334.569,NA,228.636,23.884,135.092,34.478,42.255,136.55,41158.133,8.939,26.89,66.61,556,3
1298,BXD65,HF,F,367,607.91,1953.828,3711.039,54.155,NA,163.723,16.155,NA,98.585,10852.801,5.305,16.178,55.23,556,6
1784,BXD65,HF,F,541,365.532,1169.469,1102.379,75.617,73.464,132.491,11.166,NA,72.577,10492.428,5.203,NA,NA,556,7
1789,BXD65,HF,F,527,452.648,930.406,2739.439,48.897,NA,NA,16.155,27.872,56.944,15974.034,2.942,NA,NA,556,7
1790,BXD65,HF,F,527,531.257,1622.384,2168.214,57.392,55.427,NA,NA,NA,43.805,9645.114,1.151,NA,NA,556,7
1406,BXD65b,HF,F,380,1553.641,3918.592,NA,810.969,53.761,86.879,20.113,30.624,164.769,40911.177,10.375,26.803,79.2,599,2
1707,BXD65b,HF,F,187,1515.156,3939.343,8389.37,896.786,NA,48.226,9.598,37.362,37.395,34475.392,7.967,41.127,45.88,599,2
1708,BXD65b,HF,F,187,3514.436,4502.311,27344.035,441.743,138.545,571.372,48.384,79.584,87.07,45491.831,17.253,48.949,45.88,599,2
1407,BXD65b,HF,F,302,974.976,3169.743,12296.447,184.235,12.421,104.517,14.454,33.691,116.433,21202.366,5.722,22.137,50,599,2
1598,BXD65b,HF,F,415,1178.124,2237.699,8272.485,83.346,24.564,NA,26.036,NA,95.24,9747.007,2.768,14.178,0,599,7
1597,BXD65b,HF,F,415,1644.935,2864.802,NA,116.565,316.149,305.653,33.672,NA,80.159,22664.531,6.31,25.577,59.86,599,7
1712,BXD65b,HF,F,174,1721.692,1906.515,27045.957,265.525,172.994,403.754,29.346,79.554,80.218,57775.16,28.784,18.806,38.95,599,1
1713,BXD65b,HF,F,174,80.855,162.392,126.726,21.537,15.903,NA,11.542,31.102,31.765,2781.283,1.725,1.158,22.93,599,1
1712,BXD65b,HF,F,174,1721.692,1906.515,27045.957,265.525,172.994,403.754,29.346,79.554,80.218,57775.16,28.784,18.806,38.95,599,1
1713,BXD65b,HF,F,207,80.855,162.392,126.726,21.537,15.903,NA,11.542,31.102,31.765,2781.283,1.725,1.158,22.93,599,1
223,BXD66,HF,F,359,91.486,1227.314,NA,250.936,12.421,NA,61.882,22.269,63.7,39127.444,7.228,12.283,57.1,653,3
221,BXD66,HF,F,359,1360.169,2382.905,NA,819.856,97.821,95.957,135.02,67.813,151.919,29126.75,8.211,26.765,48.4,653,3
2125,BXD66,HF,F,184,545.089,1325.165,14550.305,30.99,30.298,NA,16.403,NA,79.747,13977.352,6.011,6.679,36.85,653,6
2124,BXD66,HF,F,184,475.122,1162.153,7024.761,27.064,NA,NA,6.5,NA,44.929,8245.409,4.158,5.857,36.52,653,6
1560,BXD66,HF,F,367,660.099,1167.598,26260.674,42.027,52.261,201.757,13.405,56.084,31.765,14927.291,11.586,7.23,53.39,653,1
1560,BXD66,HF,F,367,660.099,1167.598,26260.674,42.027,52.261,201.757,13.405,56.084,31.765,14927.291,11.586,7.23,53.39,653,1
393,BXD67,HF,F,715,1084.081,2288.133,12210.239,616.504,173.216,239.347,24.715,14.657,95.579,28376.957,30.839,10.873,46.66,809,5
394,BXD67,HF,F,715,290.384,692.018,9677.522,267.044,68.298,151.828,12.397,NA,58.915,22938.537,2.02,3.687,52.97,809,5
1070,BXD68,HF,F,201,208.689,478.821,7178.44,5.512,2.226,NA,0.862,NA,NA,7064.583,1.351,1.379,30.23,927,5
1071,BXD68,HF,F,201,499.168,1716.459,7858.794,75.47,2.226,NA,3.398,NA,28.514,1889.01,2.45,13.224,35.42,927,5
1290,BXD68,HF,F,545,583.08,1318.995,5667.143,304.675,66.836,169.781,20.004,45.772,274.668,14295.242,27.173,12.251,37.87,927,7
1081,BXD68,HF,F,545,799.956,2390.139,NA,985.479,139.833,45.902,46.351,116.717,159.504,60741.879,53.67,14.283,55.5,927,1
1081,BXD68,HF,F,545,799.956,2390.139,NA,985.479,139.833,45.902,46.351,116.717,159.504,60741.879,53.67,14.283,55.5,927,1
1328,BXD69,HF,F,528,737.544,3850.713,8094.804,812.919,114.405,167.987,31.646,48.848,193.544,25294.525,35.917,21.348,35.67,633,2
568,BXD69,HF,F,733,3019.498,8080.743,9619.373,262.916,86.772,47.373,227.622,53.492,322.596,19624.721,38.26,51.781,30.94,633,4
575,BXD69,HF,F,347,2000.164,15593.352,9976.002,743.659,45.776,143.636,34.57,NA,162.015,10596.125,12.625,170.654,44.56,633,4
574,BXD69,HF,F,347,566.981,3048.953,8745.021,170.641,2.226,NA,8.233,NA,357.882,11196.843,13.058,31.612,40.13,633,4
1087,BXD69,HF,F,210,1411.709,2052.629,9621.547,190.265,NA,171.68,21.378,20.375,132.279,14262.785,9.27,18.769,42.13,633,5
1281,BXD69,HF,F,210,1659.247,1927.537,NA,125.209,19.949,NA,7.627,NA,138.946,15584.607,11.432,28.45,42.33,633,6
1928,BXD70,HF,F,357,1136.199,4960.195,12617.309,550.257,12.421,409.452,1.165,NA,19.347,13440.732,17.476,56.784,59.73,671,2
1509,BXD70,HF,F,357,3695.231,3571.997,NA,962.34,62.973,185.862,32.316,32.173,105.665,45445.113,16.807,39.092,55.89,671,2
451,BXD70,HF,F,710,122.077,742.264,159.898,89.874,509.664,NA,8.783,NA,126.799,10749.894,32.077,0.909,32.35,671,5
453,BXD70,HF,F,710,94.466,1235.901,5543.534,146.773,101.406,NA,16.213,NA,78.13,7209.444,12.016,6.496,36.68,671,5
1728,BXD70,HF,F,578,815.998,2551.657,2470.519,212.329,24.564,305.653,40.439,59.63,82.198,10758.838,49.608,NA,NA,671,7
1905,BXD70,HF,F,524,427.799,987.83,177.88,107.256,96.8,267.652,20.237,NA,66.831,16731.655,14.437,NA,NA,671,7
2071,BXD73,HF,F,206,748.23,1219.022,2155.179,28.76,138.788,547.087,8.854,NA,25.845,11131.339,14.346,11.586,24.28,703,6
1862,BXD73,HF,F,259,568.253,1730.768,823.451,44.752,NA,302.068,14.894,NA,67.057,9034,10.971,27.914,23.8,703,6
1447,BXD73,HF,F,361,394.463,1225.881,4131.396,81.85,NA,457.496,10.603,NA,39.144,9288.915,6.656,9.797,31.99,703,7
1448,BXD73,HF,F,361,539.96,1276.824,4259.634,69.582,NA,258.188,9.741,NA,14.696,11845.031,7.242,10.388,31.01,703,7
1506,BXD73,HF,F,694,916.243,1529.432,2342.34,181.958,82.104,312.597,26.572,42.147,186.621,17120.795,27.085,NA,NA,703,7
1330,BXD73b,HF,F,516,456.153,3427.871,4612.743,666.854,71.949,306.757,130.944,52.001,116.968,12565.754,32.84,17.77,27.27,768,2
1329,BXD73b,HF,F,516,598.426,2277.551,5757.261,179.271,232.992,930.392,17.517,52.001,114.279,17060.68,73.613,9.511,27.41,768,2
1198,BXD73b,HF,F,385,819.756,1595.479,7794.181,237.662,396.143,354.742,40.178,27.417,80.982,22585.02,17.253,5.514,35.03,768,3
1197,BXD73b,HF,F,385,1349.024,3680.624,12095.288,1200.707,787.845,575.595,51.778,32.173,129.883,28346.604,36.732,21.995,41.33,768,3
780,BXD73b,HF,F,573,651.326,2527.955,10319.208,234.546,144.719,67.293,96.203,297.276,275.73,13206.736,13.23,14.561,31.64,768,5
782,BXD73b,HF,F,573,1112.031,3143.265,9156.304,429.564,10.646,326.129,40.682,14.657,93.086,15424.23,14.941,27.384,31,768,5
1463,BXD73b,HF,F,497,859.558,2376.095,4897.388,87.807,38.312,175.407,37.102,NA,55.457,13581.932,11.34,18.99,35.61,768,7
1545,BXD73b,HF,F,474,675.439,1976.021,3577.875,56.135,NA,NA,25.605,NA,31.524,12377.416,7.581,19.491,41.27,768,7
1544,BXD73b,HF,F,474,2837.694,3313.996,NA,126.117,21.525,255.712,33.473,38.279,80.569,15104.889,17.218,30.78,50.84,768,7
1180,BXD73b,HF,F,729,1007.35,4176.534,27616.587,142.589,185.048,238.457,26.522,79.554,251.871,43890.925,157.787,42.099,37.79,768,1
1179,BXD73b,HF,F,729,960.045,2134.498,1287.827,165.274,148.879,96.864,32.173,64.036,81.566,15373.015,37.498,11.987,31.45,768,1
1180,BXD73b,HF,F,729,1007.35,4176.534,27616.587,142.589,185.048,238.457,26.522,79.554,251.871,43890.925,157.787,42.099,37.79,768,1
1179,BXD73b,HF,F,729,960.045,2134.498,1287.827,165.274,148.879,96.864,32.173,64.036,81.566,15373.015,37.498,11.987,31.45,768,1
623,BXD74,HF,F,197,346.305,1044.99,10163.662,378.063,177.306,208.118,29.617,77.503,116.701,13029.618,19.905,8.577,30.5,524,3
624,BXD74,HF,F,197,702.011,981.897,8086.455,628.711,44.253,167.987,124.334,55.679,79.932,558194.192,7.967,8.696,31.8,524,3
1561,BXD75,HF,F,367,516.558,1481.714,279.665,44.506,28.038,25.147,5.978,79.554,152.124,27427.615,18.964,12.055,31.09,599,1
1562,BXD75,HF,F,367,677.602,1585.024,796.772,26.352,58.311,45.902,7.828,113.084,148.416,28480.56,22.487,12.896,27.31,599,1
1561,BXD75,HF,F,367,516.558,1481.714,279.665,44.506,28.038,25.147,5.978,79.554,152.124,27427.615,18.964,12.055,31.09,599,1
1562,BXD75,HF,F,367,677.602,1585.024,796.772,26.352,58.311,45.902,7.828,113.084,148.416,28480.56,22.487,12.896,27.31,599,1
147,BXD77,HF,F,353,140.502,1715.696,NA,235.356,23.884,310.934,28.251,42.255,124.3,21522.35,9.421,10.5,43.5,706,3
145,BXD77,HF,F,353,2195.34,3348.802,NA,636.232,97.821,95.957,61.734,80.616,196.218,33088.231,15.005,31.827,33.9,706,3
328,BXD77,HF,F,723,460.327,2138.31,13470.422,149.825,49.563,NA,35.461,41.005,25.874,9017.058,3.489,14.164,63.35,706,5
330,BXD77,HF,F,723,1054.046,3420.344,9578.072,175.709,38.152,113.534,34.125,16.16,70.923,12128.584,6.792,31.522,45.46,706,5
1866,BXD77,HF,F,511,706.614,2158.002,3878.962,63.322,NA,NA,0.019,72.592,35.76,11674.402,3.943,NA,NA,706,7
1867,BXD77,HF,F,511,472.683,1017.821,NA,223.645,NA,NA,44.523,34.592,87.379,4600.992,4.158,NA,NA,706,7
1781,BXD79,HF,F,303,1343.958,1749.137,NA,412.777,34.353,191.58,53.155,75.397,183.536,29085.883,13.177,15.742,39.86,666,2
1733,BXD79,HF,F,171,4385.846,4578.796,15158.339,2759.655,NA,155.367,76.595,30.624,170.909,45230.037,8.939,47.803,37.88,666,3
582,BXD79,HF,F,571,652.822,2797.135,8907.747,554.401,26.562,356.781,12.958,25.504,220.782,14651.998,8.272,21.751,55.97,666,5
583,BXD79,HF,F,571,818.786,2273.47,8183.682,464.564,NA,85.324,8.783,3.242,139.416,14674.421,11.667,20.789,41.9,666,5
1683,BXD79,HF,F,177,1411.707,1077.476,32749.077,804.321,15.903,286.907,77.246,102.084,254.169,20807.191,24.058,12.413,38.03,666,1
1684,BXD79,HF,F,177,1193.054,2556.811,28490.529,150.484,100.609,128.441,32.173,75.717,316.336,161844.209,80.484,23.564,43.95,666,1
1683,BXD79,HF,F,177,1411.707,1077.476,32749.077,804.321,15.903,286.907,77.246,102.084,254.169,20807.191,24.058,12.413,38.03,666,1
1684,BXD79,HF,F,177,1193.054,2556.811,28490.529,150.484,100.609,128.441,32.173,75.717,316.336,161844.209,80.484,23.564,43.95,666,1
560,BXD84,HF,F,343,704.531,2217.869,10097.907,1833.957,18.693,47.373,31.758,NA,268.352,19370.327,8.272,19.003,43.14,500,4
559,BXD84,HF,F,343,553.534,3953.775,10856.85,1754.188,30.449,69.963,48.204,32.51,275.101,24616.644,9.36,30.46,46.1,500,4
1090,BXD86,HF,F,360,2218.886,3820.998,13373.257,120.734,12.68,194.501,15.218,18.316,87.996,25996.09,9.719,40.441,52.67,717,4
1091,BXD86,HF,F,360,1187.582,1698.428,NA,518.397,18.693,75.203,27.344,24.264,155.964,22633.104,16.795,22.378,51.18,717,4
548,BXD87,HF,F,359,385.99,1470.14,8312.414,552.74,539.83,358.29,9.058,52.575,167.421,6212.366,24.467,13.231,27.03,583,4
547,BXD87,HF,F,359,412.699,1480.147,9120.961,136.806,144.719,90.229,6.868,52.575,122.455,6298.903,12.539,8.632,38.47,583,4
1945,BXD87,HF,F,512,752.004,2358.316,4092.4,53.439,NA,NA,6.99,83.001,52.932,11586.944,5.911,NA,NA,583,7
179,BXD89,HF,F,352,1663.004,3187.324,NA,182.708,53.761,302.544,32.65,42.255,132.127,49631.123,14.095,26.621,38.6,744,3
178,BXD89,HF,F,352,421.581,904.089,10963.212,1006.63,53.761,100.295,111.904,38.078,106.235,36941.152,11.318,10.415,29.4,744,3
1320,BXD89,HF,F,539,1479.772,1521.887,NA,207.341,130.785,195.312,27.463,206.935,371.385,20926.52,18.964,13.478,45.57,744,1
1321,BXD89,HF,F,539,1156.178,2077.86,29015.403,76.233,82.49,151.552,13.405,67.961,109.888,53330.727,8.894,15.858,46.04,744,1
1320,BXD89,HF,F,539,1479.772,1521.887,NA,207.341,130.785,195.312,27.463,206.935,371.385,20926.52,18.964,13.478,45.57,744,1
1321,BXD89,HF,F,539,1156.178,2077.86,29015.403,76.233,82.49,151.552,13.405,67.961,109.888,53330.727,8.894,15.858,46.04,744,1
368,BXD9,HF,F,349,3831.566,6656.6,NA,1939.688,154.243,258.108,17.517,47.561,133.61,93386.767,12.716,51.282,66.7,469,3
370,BXD9,HF,F,347,2088.1,2488.977,NA,207.556,NA,120.426,5.614,22.269,79.932,56030.707,9.899,25.268,58.3,469,3
1009,BXD9,HF,F,548,3162.141,27833.143,25884.539,722.144,215.17,54.568,30.288,64.036,129.669,68169.368,106.511,NA,64.44,469,1
1017,BXD9,HF,F,557,13717.988,50074.694,NA,251.455,305.464,382.506,24.642,123.937,483.543,NA,289.123,NA,60.33,469,1
1009,BXD9,HF,F,548,3162.141,27833.143,25884.539,722.144,215.17,54.568,30.288,64.036,129.669,68169.368,106.511,NA,64.44,469,1
1017,BXD9,HF,F,557,13717.988,50074.694,NA,251.455,305.464,382.506,24.642,123.937,483.543,NA,289.123,NA,60.33,469,1
1098,BXD90,HF,F,343,1647.816,2154.579,NA,476.751,53.761,433.434,183.027,392.154,452.202,51093.566,10.375,20.787,65.56,567,3
1097,BXD90,HF,F,343,293.377,1681.867,11119.841,404.62,169.677,152.109,101.456,107.123,139.214,21366.318,27.631,12.109,45.43,567,3
1093,BXD90,HF,F,218,652.822,1813.315,10383.647,486.509,2.226,75.203,10.999,32.51,207.492,17796.009,10.077,20.237,42.16,567,5
1094,BXD90,HF,F,218,874.572,1116.873,6476.956,125.27,NA,NA,5.657,NA,28.046,8383.887,6.111,11.741,36.36,567,6
736,BXD90,HF,F,570,356.32,1285.408,4132.38,202.942,132.93,280.732,40.627,39.653,191.655,11559.358,12.987,12.679,57.88,567,6
737,BXD90,HF,F,570,508.969,1265.985,4649.731,106.893,33.034,605.687,24.845,47.72,105.282,11572.594,23.779,13.035,54.46,567,6
1095,BXD90,HF,F,723,635.27,2201.505,1423.557,865.58,109.064,NA,79.139,204.379,384.087,21983.782,91.627,23.459,38.9,567,7
881,BXD91,HF,F,562,437.702,3728.901,8137.844,219.587,30.449,216.429,0.159,NA,32.864,27351.593,15.956,39.467,68.1,845,5
882,BXD91,HF,F,562,995.991,1727.874,8503.306,95.718,100.918,331.121,NA,NA,14.183,17911.405,8.252,NA,NA,845,6
857,BXD95,HF,F,364,165.364,1539.209,11367.71,331.035,79.41,19.833,17.496,16.16,104.236,3523.437,8.089,12.855,41.86,438,4
856,BXD95,HF,F,364,142.273,790.191,12463.863,110.945,2.226,53.32,7.413,NA,78.13,11305.652,10.964,5.576,53.61,438,4
1275,BXD95,HF,F,213,581.866,NA,9292.21,336.466,NA,NA,50.019,NA,76.558,14740.304,NA,NA,41.1,438,5
1276,BXD95,HF,F,213,743.631,187.264,10790.457,NA,NA,NA,NA,NA,NA,7545.4,NA,1.025,43.35,438,5
629,BXD98,HF,F,360,162.206,2084.076,NA,868.242,NA,59.046,9.058,21.042,175.371,7298.052,10.61,21.007,43.17,566,4
628,BXD98,HF,F,360,256.335,964.295,10981.907,82.198,26.562,139.478,1.106,9.693,12.468,7978.016,5.942,6.318,47.98,566,4
1355,BXD99,HF,F,182,1450.911,3121.904,38349.517,121.644,70.404,96.864,45.404,171.332,365.934,86522.043,29.969,27.872,36.29,380,1
1356,BXD99,HF,F,182,1520.24,2065.244,13399.041,618.377,76.448,328.176,36.891,94.659,152.124,56274.843,29.969,17.1,29.59,380,1
1355,BXD99,HF,F,182,1450.911,3121.904,38349.517,121.644,70.404,96.864,45.404,171.332,365.934,86522.043,29.969,27.872,36.29,380,1
1356,BXD99,HF,F,182,1520.24,2065.244,13399.041,618.377,76.448,328.176,36.891,94.659,152.124,56274.843,29.969,17.1,29.59,380,1
522,C57BL/6J,HF,F,351,170.024,1398.67,6355.257,291.856,NA,97.42,5.787,NA,58.012,6508.199,1.578,11.984,25.95,708,4
521,C57BL/6J,HF,F,351,NA,1702.949,10854.08,478.756,2.226,90.229,48.808,34.71,261.948,11152.787,26.374,18.514,54.46,708,4
514,C57BL/6J,HF,F,544,1899.383,10571.232,15894.831,541.096,6.512,541.08,25.298,17.609,158.178,28824.268,7.351,98.186,76.17,708,5
516,C57BL/6J,HF,F,544,1535.86,3836.194,NA,338.391,NA,NA,12.116,NA,98.041,25601.444,6.132,43.641,72.53,708,5
1301,C57BL/6J,HF,F,207,NA,484.133,7023.269,51.632,NA,358.815,32.974,NA,78.507,15430.177,5.71,7.006,31.83,708,6
1293,C57BL/6J,HF,F,207,330.013,466.891,18736.847,10.137,NA,274.343,1.661,NA,36.699,12166.193,10.322,3.462,36.13,708,6
1681,C57BL/6J,HF,F,182,584.997,628.074,30289.837,123.209,76.448,193.139,22.294,162.709,171.092,27508.524,37.697,6.467,30.89,708,1
1682,C57BL/6J,HF,F,182,46.558,127.965,158.262,9.301,15.903,NA,9.682,71.853,70.688,134.252,1.359,1.069,31.34,708,1
1681,C57BL/6J,HF,F,182,584.997,628.074,30289.837,123.209,76.448,193.139,22.294,162.709,171.092,27508.524,37.697,6.467,30.89,708,1
1682,C57BL/6J,HF,F,182,46.558,127.965,158.262,9.301,15.903,NA,9.682,71.853,70.688,134.252,1.359,1.069,31.34,708,1
1171,D2B6F1,HF,F,371,1368.224,3320.483,11023.785,186.358,30.449,19.833,13.24,7.807,136.168,29778.661,5.077,31.558,59.34,912,4
1304,D2B6F1,HF,F,371,965.939,1160.437,10421.36,16.103,NA,85.324,NA,NA,NA,17670.755,0.376,7.687,58.8,912,4
1149,D2B6F1,HF,F,214,951.023,3146.18,12463.863,424.1,2.226,64.585,9.334,NA,64.197,20666.422,3.893,37.15,56.73,912,5
1150,D2B6F1,HF,F,214,2325.964,3741.789,12551.176,171.957,180.301,69.963,6.597,NA,44.509,20232.784,3.692,24.516,58.36,912,5
642,D2B6F1,HF,F,540,1147.869,1449.977,11715.85,74.446,38.152,297.664,4.983,9.693,50.999,16936.54,5.656,11.693,54.94,912,5
643,D2B6F1,HF,F,540,1853.131,2752.516,9439.497,133.531,NA,395.321,0.386,NA,18.575,22027.179,4.292,31.907,90.5,912,5
1163,D2B6F1,HF,F,1114,849.047,1999.119,10616.214,167.967,62.333,NA,17.749,164.377,214.702,8120.673,21.836,12.81,85.32,912,6
1797,D2B6F1,HF,F,367,2873.738,26162.885,NA,93.654,46.21,494.584,18.076,71.853,90.919,61465.608,31.155,237.35,83.04,912,1
1797,D2B6F1,HF,F,367,2873.738,26162.885,NA,93.654,46.21,494.584,18.076,71.853,90.919,61465.608,31.155,237.35,83.04,912,1
530,DBA/2J,HF,F,709,300.144,1490.107,505.793,106.016,64.575,133.16,32.053,107.277,446.661,7638.276,47.127,5.15,26.88,657,4
529,DBA/2J,HF,F,709,237.011,456.087,1561.529,116.437,105.047,117.991,21.811,42.016,153.175,5034.69,45.579,1.117,24.45,657,4
532,DBA/2J,HF,F,361,11.784,936.904,6915.077,935.638,30.449,147.752,8.508,31.387,223.114,4731.412,14.26,7.69,33.79,657,4
531,DBA/2J,HF,F,361,28.154,542.844,3509.405,301.965,38.152,126.737,6.597,3.242,175.894,5837.726,19.448,3.088,29.04,657,4
1144,DBA/2J,HF,F,212,405.419,326.963,10501.796,10.193,34.312,80.318,0.622,NA,NA,7306.11,NA,0.918,38.91,657,5
1145,DBA/2J,HF,F,212,1768.658,2342.535,11074.185,686.731,30.449,34.591,40.083,19.012,115.468,16024.393,4.093,20.408,37.29,657,5
1142,DBA/2J,HF,F,549,592.745,3255.572,23474.846,221.283,70.404,321.488,61.536,90.916,787.928,57315.086,130.24,23.909,44.71,657,1
1143,DBA/2J,HF,F,549,630.461,2750.057,31769.042,246.593,100.609,146.58,31.23,134.66,265.618,53481.293,56.078,11.88,43.87,657,1
1142,DBA/2J,HF,F,549,592.745,3255.572,23474.846,221.283,70.404,321.488,61.536,90.916,787.928,57315.086,130.24,23.909,44.71,657,1
1143,DBA/2J,HF,F,549,630.461,2750.057,31769.042,246.593,100.609,146.58,31.23,134.66,265.618,53481.293,56.078,11.88,43.87,657,1